timestamp_s,mission_id,duty,depth_m,depth_error_m,speed_mps,vertical_speed_mps,roll_deg,pitch_deg,yaw_rate_dps,current_a,voltage_v,thruster_cmd_mean,thruster_response_ratio,imu_depth_disagreement_m,dvl_quality,temperature_c,label
49.9,sim-0002,pipeline_tracking,71.38055,0.10132,0.35785,-0.06254,0.57026,0.61769,-1.97217,24.67989,47.18928,0.36767,0.83018,0.03123,0.94002,30.53799,hydrodynamic_drag
97.1,sim-0004,target_waypoint,9.46074,0.09045,0.57308,0.04221,-1.42805,-0.66537,8.26532,26.8204,46.5024,0.61473,0.44135,0.03912,0.87915,29.62005,thruster_degradation
21.3,sim-0001,station_keeping,43.42254,0.14058,0.43546,-0.0519,-0.07604,-0.50118,2.78134,17.61005,47.68738,0.78781,1.02297,2.00346,0.39137,29.55824,sensor_drift
75.7,sim-0003,pipeline_tracking,45.9572,1.24682,0.62791,-0.33956,1.06934,14.7325,1.00871,20.14157,47.58633,0.44824,0.94028,0.02809,0.89931,23.72235,buoyancy_imbalance
26.1,sim-0001,station_keeping,64.25197,0.02489,0.28167,-0.01647,-0.8138,-1.23943,8.1224,21.91698,48.01698,0.37824,0.53292,0.04866,0.89172,33.22372,thruster_degradation
39.6,sim-0001,station_keeping,58.60541,-0.23247,0.41335,0.03807,1.19843,-2.28062,4.89179,27.39727,46.90845,0.59419,0.34613,0.01821,0.90816,28.80826,thruster_degradation
39.9,sim-0001,station_keeping,26.66673,-0.0726,0.23175,-0.07167,1.13698,-0.29091,-2.35147,28.05554,47.97574,0.58363,0.8904,0.10686,0.9184,31.47823,hydrodynamic_drag
0.3,sim-0000,station_keeping,24.33972,0.0494,0.54918,-0.02134,-0.46556,-0.09374,-1.18444,13.17317,48.53725,0.36613,0.93559,0.71902,0.3519,31.35192,sensor_drift
79.3,sim-0003,pipeline_tracking,72.16535,-0.01092,0.46331,-0.00406,0.99018,0.24022,-0.65937,17.08728,47.3223,0.21377,0.98605,1.13115,0.4603,27.50139,sensor_drift
70.8,sim-0003,station_keeping,30.2117,0.26929,0.52542,-0.01772,0.64938,-0.738,-1.56803,19.04523,47.84072,0.56223,0.97869,0.79917,0.61659,25.36726,sensor_drift
5.2,sim-0000,pipeline_tracking,20.55843,-0.93056,0.69057,-0.49919,0.33486,10.11501,0.11969,14.24457,47.38585,0.41112,1.0103,0.0782,1.0,32.29671,buoyancy_imbalance
66.4,sim-0003,pipeline_tracking,49.77118,0.02515,0.37983,-0.0648,1.98788,-0.74369,-0.81423,25.996,47.54267,0.57507,0.93138,0.08476,0.9276,37.97858,hydrodynamic_drag
3.6,sim-0000,station_keeping,11.62489,-0.01509,0.41346,0.03036,0.0869,0.183,-15.25437,26.38021,48.12656,0.45142,0.59837,0.0328,0.97149,28.43596,thruster_degradation
18.5,sim-0000,target_waypoint,54.03152,0.16643,0.57266,0.02051,1.34105,0.02498,0.68254,20.50338,46.78814,0.37878,0.98741,0.05507,0.947,28.48887,nominal
82.3,sim-0004,pipeline_tracking,25.18668,-0.12455,0.546,0.01045,1.05955,0.05033,1.00227,19.32838,46.66825,0.28809,0.95868,2.06319,0.27164,29.59972,sensor_drift
27.3,sim-0001,station_keeping,13.37755,-0.63713,0.45577,-0.01218,-0.73855,1.185,2.33045,21.87763,46.84816,0.20259,1.0026,0.7958,0.43816,29.38434,sensor_drift
17.1,sim-0000,station_keeping,7.47278,-0.18642,0.21744,0.01777,0.62255,1.07317,14.93528,21.88303,46.83429,0.66559,0.25788,0.00538,0.94148,28.85774,thruster_degradation
54.0,sim-0002,station_keeping,79.63314,0.12407,0.42899,0.00286,0.50944,-0.35551,-3.60991,19.10319,46.93188,0.69365,0.97166,0.11864,0.96685,31.90675,nominal
30.1,sim-0001,pipeline_tracking,26.01973,0.09594,0.4688,-0.01672,1.7304,0.12637,12.15432,34.03935,46.75752,0.16165,0.63728,0.06433,0.96732,25.41321,thruster_degradation
7.6,sim-0000,pipeline_tracking,62.79629,0.19286,0.39383,-0.02523,-1.14096,0.47115,8.49768,28.23103,47.11542,0.51938,0.53267,0.01179,0.90636,30.45248,thruster_degradation
14.4,sim-0000,station_keeping,54.34298,-0.13195,0.34204,0.01266,-0.41005,-0.18053,-1.24739,25.71187,47.39092,0.74105,0.85496,0.08916,0.89782,29.604,hydrodynamic_drag
12.8,sim-0000,target_waypoint,46.12965,-0.39512,0.64387,-0.06783,-0.24126,0.46017,1.38479,17.8574,47.77897,0.53592,0.99441,2.19993,0.81127,26.36633,sensor_drift
10.9,sim-0000,pipeline_tracking,8.7665,0.07289,0.227,-0.01575,-0.33626,-0.3016,-1.14273,28.07254,47.75258,0.54334,0.79342,0.04237,0.86741,30.64456,hydrodynamic_drag
32.5,sim-0001,pipeline_tracking,15.99784,0.08194,0.22257,0.04902,-0.88142,-0.81976,-0.47023,15.72867,47.81993,0.54336,0.95138,0.01152,0.94739,34.15836,nominal
32.4,sim-0001,station_keeping,50.34979,0.03284,0.42524,0.03915,1.7035,0.20691,-0.99988,26.86309,47.43437,0.51068,0.8326,0.03812,0.9743,33.15851,hydrodynamic_drag
37.1,sim-0001,target_waypoint,32.01366,0.05173,0.53849,-0.00732,-0.25154,-1.2577,-12.0297,22.87599,47.38403,0.41763,0.44414,0.02784,0.98516,27.00555,thruster_degradation
82.0,sim-0004,pipeline_tracking,41.70768,-0.06711,0.63189,0.0764,0.25178,0.15447,-2.07069,16.63258,47.981,0.56719,1.0225,0.0433,0.89863,30.2049,nominal
81.5,sim-0004,target_waypoint,60.58948,-0.02141,0.37865,0.02118,0.62429,1.51813,-0.65983,15.97774,46.85167,0.49122,0.96489,0.06862,0.95693,33.96641,nominal
83.3,sim-0004,target_waypoint,47.92417,0.11891,0.68042,0.01518,-0.25606,0.91647,3.03186,14.12337,47.49216,0.41826,1.00622,2.07338,0.4956,31.91321,sensor_drift
59.7,sim-0002,station_keeping,30.84734,2.11716,0.6033,-0.25149,-1.02599,6.83916,2.33694,20.22463,47.25859,0.24832,0.90707,0.05645,0.89887,31.21013,buoyancy_imbalance
73.1,sim-0003,target_waypoint,57.84117,0.18333,0.32818,-0.01558,-1.39143,-0.1648,-7.83945,28.22698,48.18072,0.42703,0.35031,0.07563,0.89954,28.20438,thruster_degradation
31.5,sim-0001,station_keeping,19.14122,-0.29593,0.49184,-0.02017,-0.8563,-0.43962,0.60533,17.0478,46.96482,0.59287,0.94519,0.0535,0.95001,40.93237,nominal
62.8,sim-0003,pipeline_tracking,75.89934,-0.94763,0.70079,-0.03519,-2.07254,-0.48636,0.1816,17.60222,47.28719,0.64399,0.92198,1.62759,0.39987,28.36609,sensor_drift
44.6,sim-0002,target_waypoint,57.41001,-0.1418,0.53338,0.00078,0.03468,-0.61665,11.83391,31.12117,47.50825,0.5369,0.41985,0.08129,0.95153,33.78094,thruster_degradation
15.0,sim-0000,station_keeping,44.4996,0.34983,0.57598,0.02191,-0.25752,0.99768,-1.98917,15.78836,48.06717,0.50779,0.88328,0.05082,0.93272,33.132,nominal
76.5,sim-0003,station_keeping,67.34821,-0.21245,0.40186,0.03117,-1.06633,-2.01378,0.25805,19.56553,46.93549,0.283,0.95043,0.00014,0.89896,32.76967,nominal
42.4,sim-0002,pipeline_tracking,34.31469,-0.10906,0.27564,-0.00464,2.9787,0.07016,-1.04377,24.29376,46.84259,0.55234,0.81627,0.03276,0.96634,30.69109,hydrodynamic_drag
93.2,sim-0004,target_waypoint,33.67303,-1.06415,0.58001,0.30509,-1.37557,-10.47272,-0.85463,19.55579,48.04972,0.60475,0.9443,0.03041,0.94484,30.81607,buoyancy_imbalance
28.0,sim-0001,pipeline_tracking,10.88432,-0.04621,0.40436,0.06065,0.96063,-0.47244,-5.38075,17.01021,47.30892,0.44013,0.96674,0.06508,0.97177,35.12785,nominal
41.7,sim-0002,station_keeping,12.77662,2.55914,0.61328,-0.47924,-0.26143,-10.38542,-0.69826,18.39856,47.50003,0.56393,0.9517,0.09555,0.97755,32.95898,buoyancy_imbalance
14.7,sim-0000,station_keeping,34.25434,-1.84151,0.69654,-0.23668,-1.4425,-9.09783,1.38729,19.14468,47.69911,0.42829,0.9786,0.00791,1.0,38.00968,buoyancy_imbalance
84.2,sim-0004,target_waypoint,55.97521,-2.83992,0.70251,-0.58592,-0.62647,13.08879,-2.35202,16.28142,47.6122,0.57269,0.94443,0.06738,0.95258,37.13481,buoyancy_imbalance
45.2,sim-0002,target_waypoint,49.04455,2.05829,0.71616,-0.38017,-0.08762,-10.32374,-0.41425,15.41353,46.7383,0.49527,0.95324,0.00207,0.99842,28.81996,buoyancy_imbalance
36.5,sim-0001,target_waypoint,27.89186,-0.16138,0.77568,0.09012,-0.56392,1.05146,-0.7327,17.12608,46.59349,0.84216,0.98206,0.00287,0.89264,27.26179,nominal
21.7,sim-0001,pipeline_tracking,2.97705,-1.87037,0.72017,-0.3068,1.5113,8.3493,-1.98128,19.71075,47.7954,0.52901,0.96697,0.00623,0.96069,37.3309,buoyancy_imbalance
74.1,sim-0003,station_keeping,30.69139,0.1384,0.50182,0.04511,-2.2517,-0.12958,7.61582,25.81147,48.2021,0.48909,0.59065,0.03082,0.91207,33.11288,thruster_degradation
71.3,sim-0003,target_waypoint,58.57152,0.4147,0.46766,-0.01022,-2.0835,-0.87539,1.6885,20.53115,46.82593,0.39533,0.99122,2.59505,0.42749,27.82649,sensor_drift
19.9,sim-0000,pipeline_tracking,56.2025,-0.10387,0.25211,-0.03242,-0.15396,-1.36145,-1.478,23.33448,48.05639,0.69066,0.77191,0.01975,1.0,31.51185,hydrodynamic_drag
8.4,sim-0000,station_keeping,43.46921,0.00424,0.34039,-0.06881,3.02744,0.77557,1.10269,24.65637,47.41162,0.53157,0.97592,0.02462,0.90631,29.09976,hydrodynamic_drag
26.9,sim-0001,target_waypoint,23.79796,0.13995,0.19929,0.00775,1.32852,1.44229,2.62763,23.65396,47.42292,0.44427,0.89925,0.0751,0.95353,26.96375,hydrodynamic_drag
74.9,sim-0003,target_waypoint,28.22602,-0.14804,0.228,-0.03532,4.17864,-0.55909,3.39702,23.13019,47.94816,0.64742,0.93805,0.01637,0.8546,35.1888,hydrodynamic_drag
71.8,sim-0003,pipeline_tracking,39.88549,-0.35739,0.41227,0.04257,-0.08737,-1.45675,0.94479,17.58328,47.53254,0.27131,0.9727,1.03106,0.56809,33.48203,sensor_drift
17.9,sim-0000,target_waypoint,6.83102,-0.11645,0.4795,-0.02583,6.2209,1.9799,3.74781,21.35098,48.41462,0.51273,0.96373,0.07683,0.87834,31.24373,hydrodynamic_drag
39.7,sim-0001,pipeline_tracking,47.27918,2.43423,0.42906,0.36947,1.05978,-14.31662,-1.34167,17.61325,47.06854,0.47112,0.94316,0.09188,1.0,31.92487,buoyancy_imbalance
90.6,sim-0004,station_keeping,6.02205,-0.003,0.42377,-0.04214,-0.52066,-0.18319,-16.49802,26.40654,47.7509,0.52457,0.4119,0.04552,0.86724,30.42002,thruster_degradation
25.4,sim-0001,target_waypoint,13.17712,0.08375,0.35666,-0.00585,3.60935,0.54747,-2.66105,29.44035,47.35042,0.52382,0.92705,0.06282,0.87206,26.29627,hydrodynamic_drag
91.2,sim-0004,station_keeping,32.82523,-1.19479,0.22209,0.54666,-1.11475,14.19707,0.84696,20.7875,47.13681,0.24437,0.93704,0.0801,0.92911,33.9762,buoyancy_imbalance
78.4,sim-0003,pipeline_tracking,79.36553,-0.03403,0.41971,0.05629,2.22127,0.26626,0.47431,25.92363,48.00236,0.5015,0.88141,0.01292,0.91637,29.29825,hydrodynamic_drag
98.7,sim-0004,station_keeping,17.51922,-1.40316,0.5433,-0.18562,-0.3172,11.13357,-0.94314,19.55183,47.26039,0.42828,0.99503,0.11297,0.90794,33.11104,buoyancy_imbalance
25.1,sim-0001,target_waypoint,5.94119,0.25925,0.5542,-0.00634,0.9113,0.91175,-4.63589,23.69107,47.84841,0.48905,0.46919,0.07951,0.90146,31.02914,thruster_degradation
90.0,sim-0004,station_keeping,51.59552,0.06905,0.77618,0.06644,0.09742,0.68008,-0.12886,17.73585,47.75562,0.58036,0.93046,0.03979,0.90359,35.69878,nominal
55.8,sim-0002,station_keeping,46.72788,-0.24582,0.31501,0.04311,1.09936,-1.90215,-0.21588,17.20564,46.9251,0.14134,0.93521,2.00071,0.39971,29.88824,sensor_drift
92.3,sim-0004,target_waypoint,9.89651,0.28368,0.64929,0.11474,-2.34094,0.01902,2.94233,21.13492,47.44229,0.61459,1.02549,1.52641,0.68316,31.37061,sensor_drift
4.4,sim-0000,target_waypoint,79.39443,-0.01712,0.52199,-0.02604,1.35783,1.52543,-3.17588,25.33718,47.10099,0.47377,0.6557,0.03449,0.94199,34.79492,hydrodynamic_drag
7.7,sim-0000,target_waypoint,23.9431,-1.47155,0.48757,-0.30533,2.1617,-14.77561,0.34554,16.86093,47.49999,0.68044,1.0013,0.01835,1.0,34.48618,buoyancy_imbalance
16.6,sim-0000,pipeline_tracking,17.05531,-0.1468,0.30679,0.03923,-0.08447,-1.12814,-9.71003,22.5381,47.11389,0.62554,0.63969,0.11637,0.9778,26.32089,thruster_degradation
89.8,sim-0004,pipeline_tracking,49.63696,-0.40667,0.5722,0.0347,0.79241,0.52037,0.91779,20.55039,48.05091,0.26823,0.9885,1.0756,0.06299,31.43517,sensor_drift
90.5,sim-0004,target_waypoint,32.20388,-0.06583,0.70018,0.00126,1.37106,1.79273,2.36079,17.98378,48.0336,0.61686,0.99851,0.05751,0.86906,30.16013,nominal
51.4,sim-0002,pipeline_tracking,37.97856,-0.02993,0.28565,0.02739,-1.55334,-1.99419,3.05973,29.83088,47.34868,0.38557,0.95581,0.0491,0.98996,29.98804,hydrodynamic_drag
31.8,sim-0001,station_keeping,11.60234,-0.47883,0.65579,0.01495,2.131,-1.96085,1.63396,21.2931,47.41591,0.30819,1.05531,2.29309,0.20644,33.75182,sensor_drift
5.9,sim-0000,target_waypoint,64.00406,0.08326,0.35837,-0.00425,-2.44697,0.62188,-0.86374,27.20553,48.00239,0.53937,0.91857,0.08581,0.91297,31.63062,hydrodynamic_drag
57.7,sim-0002,pipeline_tracking,63.82161,2.48127,0.47581,-0.38555,-0.15794,12.23987,0.09827,18.50666,47.39437,0.28709,1.01065,0.00432,1.0,28.82494,buoyancy_imbalance
40.3,sim-0002,pipeline_tracking,47.10167,-0.45082,0.4948,0.01,-1.33637,-0.30644,-2.68039,18.19567,46.90891,0.33152,0.9793,2.07868,0.76746,28.55066,sensor_drift
4.2,sim-0000,station_keeping,33.06383,-1.97062,0.61347,0.61099,0.65685,11.17946,-2.94694,18.09231,46.8147,0.61858,0.98463,0.05343,0.9397,32.48905,buoyancy_imbalance
62.3,sim-0003,target_waypoint,49.10663,-0.56495,0.66994,0.10023,0.68854,0.27608,4.65027,18.9421,47.39408,0.38089,0.98245,1.29625,0.57313,31.93083,sensor_drift
50.7,sim-0002,station_keeping,67.83223,0.91777,0.74204,-0.22455,1.81939,-7.21287,-0.33182,18.35388,47.97037,0.45049,0.95449,0.00078,1.0,33.55667,buoyancy_imbalance
60.1,sim-0003,pipeline_tracking,26.91809,0.00664,0.31331,0.07682,0.01618,0.95698,-3.36292,29.02339,47.35133,0.41852,0.44158,0.02228,0.95349,31.59783,thruster_degradation
96.9,sim-0004,station_keeping,76.76916,0.00732,0.17981,-0.08262,1.50467,-0.18612,-0.96797,24.50163,47.96254,0.48244,0.912,0.02259,0.89719,32.55023,hydrodynamic_drag
94.3,sim-0004,pipeline_tracking,44.8097,0.70497,0.28092,0.00547,-1.61535,-1.20287,5.45264,14.59534,47.59163,0.5144,0.95597,2.39198,0.61093,30.94798,sensor_drift
30.8,sim-0001,target_waypoint,73.83011,-0.6388,0.7357,0.06624,-0.43275,2.59338,1.13929,14.42447,46.54946,0.19518,1.00254,2.05684,0.5614,30.85377,sensor_drift
80.1,sim-0004,station_keeping,24.11586,-0.05195,0.39618,-0.00249,1.25153,-0.38925,10.22843,30.76372,48.37017,0.41521,0.15899,0.11353,0.90023,30.10186,thruster_degradation
57.8,sim-0002,target_waypoint,58.62977,-0.03096,0.51128,0.04894,-0.33245,0.8843,-0.06845,19.49395,47.27762,0.43392,0.94444,0.733,0.70457,29.89156,sensor_drift
60.8,sim-0003,target_waypoint,58.48194,0.13575,0.67572,0.02183,1.22159,0.12709,-0.00891,17.55962,47.18204,0.6089,0.99156,2.01814,0.44258,30.07541,sensor_drift
10.3,sim-0000,pipeline_tracking,28.77702,-0.3253,0.69696,0.07554,2.35753,0.69686,-0.16224,15.40087,46.65508,0.27935,0.97772,2.30276,0.54131,30.76878,sensor_drift
8.5,sim-0000,pipeline_tracking,30.89065,0.09614,0.64832,0.10853,-0.36511,1.52301,1.29418,15.41692,48.18031,0.33154,0.89188,0.07987,0.98276,31.15608,nominal
73.5,sim-0003,station_keeping,18.44797,0.14514,0.53684,-0.0045,0.40687,1.09463,-1.61306,16.33866,47.4902,0.32527,1.00819,0.06771,0.91311,31.71291,nominal
52.5,sim-0002,station_keeping,11.08963,0.27714,0.69306,0.05958,1.21139,-1.0723,-1.76098,16.26067,47.05991,0.55146,0.92121,0.0644,0.91784,31.63868,nominal
94.7,sim-0004,target_waypoint,27.66805,1.72199,0.76441,-0.32021,-2.60515,13.41888,-1.68486,15.45328,48.0142,0.56521,1.00841,0.06178,0.88131,33.37879,buoyancy_imbalance
92.0,sim-0004,target_waypoint,29.29035,-0.04097,0.70964,0.05387,-0.66485,1.11287,-2.27115,17.11982,47.25452,0.29448,0.91394,0.09872,0.91217,30.15167,nominal
53.1,sim-0002,station_keeping,72.05089,0.06093,0.42044,0.02892,-1.47564,1.75219,-14.93119,31.08829,47.69362,0.48753,0.36946,0.04647,0.92512,28.31277,thruster_degradation
94.6,sim-0004,pipeline_tracking,4.22905,0.06849,0.43653,0.02109,-1.1377,0.28216,12.6439,29.69463,47.86568,0.32148,0.59818,0.00801,0.91185,26.74221,thruster_degradation
24.6,sim-0001,station_keeping,16.6385,-0.04669,0.46112,0.00985,1.0945,-1.04488,-7.75654,25.6383,47.51961,0.42189,0.44428,0.07027,0.89312,25.83826,thruster_degradation
40.4,sim-0002,target_waypoint,34.09717,0.04699,0.08668,-0.02887,-1.16077,-1.24781,-2.4392,22.85562,47.32697,0.30416,0.74293,0.00258,0.92093,30.42286,hydrodynamic_drag
46.6,sim-0002,pipeline_tracking,57.9809,0.2852,0.19244,0.0115,-1.87191,0.05853,3.66396,28.76879,47.03198,0.7076,0.7263,0.10512,0.96301,26.67373,thruster_degradation
86.1,sim-0004,station_keeping,11.12391,0.12662,0.43879,-0.05194,1.24841,-2.41232,12.10839,27.86515,46.4358,0.35012,0.4337,0.07473,1.0,32.00305,thruster_degradation
88.1,sim-0004,target_waypoint,46.53505,-0.13785,0.22326,-0.05238,0.0068,-0.13925,11.83618,30.44128,46.86381,0.464,0.21127,0.0147,1.0,26.53301,thruster_degradation
18.1,sim-0000,pipeline_tracking,42.60356,0.08711,0.43262,0.06614,0.21119,-0.2,-5.84594,31.97887,47.69687,0.38938,0.54871,0.07116,0.931,28.69621,thruster_degradation
57.0,sim-0002,station_keeping,41.56316,0.05297,0.43215,-0.06582,-1.45207,0.39071,-1.72373,20.0607,47.72313,0.45833,0.8896,0.08038,0.91035,34.30392,nominal
48.2,sim-0002,target_waypoint,58.41177,-1.75095,0.96933,-0.46634,1.07418,6.70032,-2.11601,16.09421,48.23075,0.43379,1.00142,0.02121,0.94247,32.1711,buoyancy_imbalance
53.6,sim-0002,target_waypoint,64.20394,0.09582,0.37827,0.01362,-0.63877,-0.96521,-9.86026,26.70994,47.46907,0.49883,0.36119,0.08446,0.96401,24.83721,thruster_degradation
12.2,sim-0000,target_waypoint,24.70746,1.52368,0.4545,-0.19674,2.66986,8.00756,-1.44382,18.41846,47.36255,0.3682,0.97676,0.03734,0.99787,30.77275,buoyancy_imbalance
23.7,sim-0001,station_keeping,22.6256,1.1509,0.46979,0.41679,-0.16685,-11.00736,0.74594,16.55465,48.12412,0.59559,0.97601,0.03745,0.98135,29.57376,buoyancy_imbalance
83.1,sim-0004,station_keeping,28.40321,-0.05682,0.49015,0.03111,0.16977,-0.24245,13.91579,19.83791,47.6213,0.26818,0.47093,0.00744,0.96078,31.90352,thruster_degradation
55.6,sim-0002,pipeline_tracking,32.4646,-0.10881,0.55059,-0.0339,0.83481,0.99135,10.27017,31.10857,47.36913,0.32695,0.17541,0.06605,0.93199,31.37985,thruster_degradation
46.3,sim-0002,pipeline_tracking,32.15071,-0.50208,0.36235,-0.04748,1.16452,-2.18658,-1.49345,18.5619,47.16803,0.52482,0.97996,0.89963,0.36569,35.57603,sensor_drift
0.2,sim-0000,target_waypoint,33.76033,0.99172,0.32942,0.38778,-1.75516,6.47732,-2.76157,16.39522,47.84481,0.50859,0.9665,0.06384,0.94199,32.3763,buoyancy_imbalance
2.0,sim-0000,target_waypoint,55.70312,0.05974,0.51572,0.09075,0.42393,-0.11138,2.62998,18.61121,47.48559,0.37407,0.95162,0.0585,0.89828,32.48004,nominal
91.9,sim-0004,pipeline_tracking,7.65709,-0.14484,0.50937,0.01127,-3.78518,-0.90394,0.88901,20.94224,47.08507,0.54056,0.78291,0.07049,0.92437,29.53976,hydrodynamic_drag
23.5,sim-0001,pipeline_tracking,67.15768,0.09555,0.56525,0.03525,-0.22074,-0.61951,-0.81516,20.60155,47.22047,0.47002,1.0057,0.06064,0.94962,29.00407,nominal
7.1,sim-0000,target_waypoint,39.13021,0.03778,0.53132,0.0101,-0.39852,1.67962,-12.75817,24.37027,47.09099,0.40314,0.62239,0.00797,0.93919,30.13378,thruster_degradation
26.0,sim-0001,target_waypoint,21.49829,-0.05908,0.7278,-0.03229,-1.29975,1.4516,-0.82827,14.59761,47.20424,0.49875,0.92436,0.0251,0.88459,29.73843,nominal
56.2,sim-0002,pipeline_tracking,74.64009,1.70365,0.8467,-0.38301,-0.16275,-9.7359,1.86972,17.76317,47.86495,0.34969,0.93813,0.09455,0.92887,31.68526,buoyancy_imbalance
24.7,sim-0001,pipeline_tracking,18.89738,1.93117,0.81501,0.50061,2.06625,13.87202,-3.96121,18.91112,48.0785,0.40973,1.02633,0.11398,0.88815,30.01999,buoyancy_imbalance
55.3,sim-0002,pipeline_tracking,54.78322,0.29488,0.79009,0.00246,-0.20242,0.94664,0.41518,17.39347,47.40874,0.42897,1.00487,1.25902,0.64714,30.97491,sensor_drift
4.9,sim-0000,pipeline_tracking,72.72423,0.064,0.60621,0.02287,2.29866,1.12022,1.50183,26.59056,46.68823,0.38006,0.87535,0.06244,0.97829,27.97409,hydrodynamic_drag
62.4,sim-0003,station_keeping,43.72439,-0.1061,0.35956,-0.0175,3.40235,1.36127,0.15962,26.24138,48.24793,0.61364,0.85226,0.07505,0.90471,33.02652,hydrodynamic_drag
56.3,sim-0002,target_waypoint,61.65566,-0.30251,0.82027,0.05599,-0.86843,-0.96777,1.58238,16.44,46.94922,0.69722,0.94336,1.3984,0.82,27.64446,sensor_drift
56.9,sim-0002,target_waypoint,45.64561,0.15405,0.48834,-0.0374,2.64318,-1.34176,-0.29265,24.51511,47.20546,0.52439,0.84445,0.04208,0.9609,36.29986,hydrodynamic_drag
29.7,sim-0001,station_keeping,28.02152,-1.98574,0.61184,0.22388,-0.95231,7.55197,-0.90267,13.93076,48.0069,0.60406,0.96276,0.06412,0.90769,31.86878,buoyancy_imbalance
64.4,sim-0003,target_waypoint,58.35022,-0.11325,0.23268,-0.00473,0.75721,0.26792,0.94895,29.84087,47.881,0.27137,0.82897,0.06376,0.90887,32.42275,hydrodynamic_drag
22.2,sim-0001,station_keeping,44.82741,2.74205,0.79423,-0.51339,0.88468,-8.12923,5.51914,16.60286,47.16182,0.26431,0.9831,0.06591,0.89276,29.43071,buoyancy_imbalance
95.2,sim-0004,pipeline_tracking,41.17847,2.70986,0.82511,-0.36027,-1.32115,-12.32305,0.03531,18.46537,47.95408,0.55734,0.93872,0.04955,0.84129,33.17351,buoyancy_imbalance
62.9,sim-0003,target_waypoint,34.55593,0.02647,0.4385,-0.03789,-0.67644,1.69916,-2.86478,25.31157,47.04041,0.52157,0.74288,0.05523,0.90281,30.37604,hydrodynamic_drag
37.3,sim-0001,pipeline_tracking,59.67595,-0.26797,0.73049,0.03776,0.38957,0.24942,4.3514,23.20708,47.47575,0.66507,0.96033,1.30039,0.73022,30.90416,sensor_drift
38.1,sim-0001,station_keeping,40.22569,0.01627,0.29651,-0.01821,0.08931,-2.18862,7.60309,26.49654,47.37158,0.49803,0.5654,0.08275,0.94982,35.50798,thruster_degradation
72.8,sim-0003,target_waypoint,26.64203,-0.17676,0.6655,-0.00102,-0.86309,0.88023,2.69065,14.17917,48.05314,0.36751,1.02574,0.97827,0.33224,33.27454,sensor_drift
9.4,sim-0000,pipeline_tracking,28.83211,-0.05301,0.18734,-0.01828,0.31513,-1.40457,-2.34055,24.87849,47.46106,0.50829,0.65458,0.03599,0.96724,30.56609,hydrodynamic_drag
27.9,sim-0001,station_keeping,17.73873,0.07611,0.18376,-0.0488,3.03363,-0.34474,-0.20007,27.33392,46.47959,0.56558,0.88691,0.00589,0.96987,32.42526,hydrodynamic_drag
85.8,sim-0004,station_keeping,54.90416,0.15771,0.62874,0.03733,-0.65529,0.59801,-0.00975,20.15944,47.4369,0.4971,0.98376,0.70479,0.18001,33.49082,sensor_drift
60.4,sim-0003,pipeline_tracking,10.48911,0.13289,0.31068,-0.01146,0.7985,-0.57291,1.75627,26.59554,47.81992,0.33499,0.83103,4e-05,0.98349,32.26614,hydrodynamic_drag
66.9,sim-0003,station_keeping,16.30062,-0.03978,0.23164,0.00059,-3.97849,-1.86139,-0.16764,25.2063,47.59313,0.35707,0.74047,0.04406,1.0,26.21886,hydrodynamic_drag
27.1,sim-0001,pipeline_tracking,42.03428,-0.01519,0.16617,0.02682,0.89649,0.12178,11.24249,29.13091,47.27091,0.5308,0.63191,0.07675,0.91927,29.44047,thruster_degradation
9.0,sim-0000,station_keeping,13.56496,-0.24155,0.64348,0.02661,-1.26448,-0.23795,1.12085,19.44228,47.35751,0.64022,0.95628,0.04699,0.95584,33.48534,nominal
68.3,sim-0003,target_waypoint,69.90531,-0.24459,0.60413,0.06693,1.43537,-0.34135,-0.71175,22.74878,48.23261,0.49318,1.01599,0.73571,0.21725,32.90431,sensor_drift
5.7,sim-0000,station_keeping,13.01862,1.46767,0.56124,-0.29363,1.12014,-14.02674,-1.04083,18.85245,48.19845,0.66871,0.92047,0.06449,0.90607,27.85553,buoyancy_imbalance
38.8,sim-0001,pipeline_tracking,46.63267,0.58524,0.90859,0.01721,-0.38396,-1.24073,-2.00888,15.76771,47.67077,0.59915,1.01782,2.12269,0.46851,27.01132,sensor_drift
22.3,sim-0001,pipeline_tracking,41.1305,0.0697,0.71651,0.02953,0.21705,0.95053,-1.03741,15.62122,47.60428,0.85648,0.99827,2.44498,0.43466,25.40654,sensor_drift
90.8,sim-0004,target_waypoint,18.90571,-0.03236,0.67103,-0.05191,1.93236,-0.58282,-1.94757,17.14503,46.85532,0.38531,0.97057,2.32056,0.47951,36.4131,sensor_drift
31.0,sim-0001,pipeline_tracking,6.03865,0.23742,0.88214,-0.04734,-1.89836,1.62875,-0.87281,17.71038,47.25593,0.52579,0.95551,0.00834,0.8686,23.82428,nominal
97.0,sim-0004,pipeline_tracking,51.89399,0.25256,0.40911,0.04071,-0.06498,-1.8948,-2.79735,20.00976,47.38225,0.48655,0.9439,0.01822,0.97687,32.7199,nominal
71.4,sim-0003,station_keeping,35.25439,-0.06657,0.41255,0.0388,-1.68659,-1.12367,1.9627,26.18349,47.60291,0.46926,0.75391,0.09362,0.99378,38.59966,hydrodynamic_drag
90.1,sim-0004,pipeline_tracking,67.7744,-0.03871,0.5434,0.02986,-1.21855,-1.79683,10.60116,28.38574,47.28449,0.43832,0.54409,0.01146,0.95798,31.14536,thruster_degradation
79.9,sim-0003,pipeline_tracking,71.60394,-0.00462,0.42753,-0.00248,-4.78265,-0.83101,3.41283,23.77107,46.7349,0.54231,0.72107,0.03729,0.94044,30.09526,hydrodynamic_drag
14.1,sim-0000,station_keeping,10.84885,0.23814,0.45909,-0.01684,0.31228,-0.76218,-8.15059,23.90539,47.941,0.33272,0.53766,0.07113,0.95592,25.63304,thruster_degradation
34.9,sim-0001,pipeline_tracking,27.99675,0.11145,0.18354,0.01159,3.6462,0.02987,-0.76228,31.4661,48.00719,0.56071,0.62645,0.07562,0.93471,26.44443,hydrodynamic_drag
98.2,sim-0004,pipeline_tracking,50.33305,-1.85428,0.79367,-0.24266,-0.15138,8.68933,0.63461,17.06873,47.06263,0.52946,1.01889,0.02713,0.9708,32.75093,buoyancy_imbalance
17.4,sim-0000,station_keeping,78.42128,0.16489,0.24261,0.00369,-3.00797,-1.32172,1.23936,24.57928,47.18891,0.37216,0.87364,0.07486,0.94469,31.8354,hydrodynamic_drag
13.1,sim-0000,target_waypoint,6.23108,0.18546,0.35205,-0.1066,0.53809,2.07666,10.61031,25.2893,48.0132,0.27633,0.55725,0.03304,0.93005,33.1647,thruster_degradation
54.8,sim-0002,target_waypoint,13.94191,-0.83745,0.66632,-0.01418,0.648,-0.04169,0.79748,16.14591,46.61603,0.17273,0.91849,2.41069,0.56663,31.02259,sensor_drift
49.4,sim-0002,target_waypoint,77.89637,-0.01165,0.40668,0.07684,-1.69796,0.04624,-0.78683,22.94808,46.94846,0.54369,0.81106,0.03668,0.91871,29.72557,hydrodynamic_drag
3.0,sim-0000,station_keeping,5.58476,0.03588,0.72646,-0.0281,-1.35235,0.37201,3.0386,18.14131,47.19866,0.29838,0.93374,0.09869,0.98877,32.39988,nominal
94.5,sim-0004,station_keeping,74.05283,0.13659,0.96027,0.00687,0.71514,1.82703,-3.37047,17.33072,46.88032,0.49854,0.98909,0.06677,0.94554,31.73949,nominal
91.1,sim-0004,target_waypoint,66.21053,-0.15108,0.25391,-0.02689,-0.48886,-1.78731,11.80899,27.3127,47.11234,0.28912,0.64862,0.06965,0.9381,35.10799,thruster_degradation
44.4,sim-0002,station_keeping,25.33546,0.17268,0.27555,-0.00947,-1.25172,-0.81396,0.25891,20.99546,48.28809,0.46678,0.766,0.02646,0.91236,30.03709,hydrodynamic_drag
97.3,sim-0004,pipeline_tracking,9.64836,0.10959,0.82099,-0.00309,2.5674,0.22977,0.86468,16.6362,47.42612,0.56346,0.97844,1.31159,0.73635,34.12666,sensor_drift
33.4,sim-0001,pipeline_tracking,16.17477,-0.04526,0.30658,-0.00628,-6.29877,1.67986,2.93882,22.0254,47.63194,0.53924,0.70813,0.04821,0.90419,32.04604,hydrodynamic_drag
4.7,sim-0000,target_waypoint,15.81064,2.21592,0.80788,0.35685,1.87163,15.8898,3.5591,20.8336,47.77769,0.48752,1.03383,0.01718,1.0,33.37049,buoyancy_imbalance
32.3,sim-0001,target_waypoint,21.50947,-0.37332,0.73054,-0.06517,0.96879,0.69676,-0.86199,19.21797,47.72939,0.49168,1.00599,0.76683,0.58642,34.56209,sensor_drift
75.9,sim-0003,station_keeping,31.81784,-0.04951,0.29423,-0.0087,2.08739,-0.29082,-0.62789,27.91021,47.10119,0.49865,0.67392,0.03709,0.96865,31.93271,hydrodynamic_drag
11.5,sim-0000,pipeline_tracking,43.8185,-0.04069,0.476,-0.00885,0.7277,-0.86591,-0.35059,18.67014,48.47527,0.57619,1.00074,0.08377,0.95462,27.80926,nominal
51.1,sim-0002,pipeline_tracking,9.9675,0.05405,0.23672,-0.05262,0.96207,0.17133,4.70094,27.30957,46.8112,0.34516,0.43718,0.09131,0.93338,30.41203,thruster_degradation
34.0,sim-0001,pipeline_tracking,19.19261,0.04904,0.52064,-0.08357,0.13198,-0.51086,2.51294,14.39217,47.53041,0.5195,1.03116,0.06677,0.96783,28.29076,nominal
59.5,sim-0002,pipeline_tracking,41.86639,0.11519,0.83819,0.04603,0.76505,-0.13921,-1.36912,15.65895,47.73295,0.31135,0.93457,0.10184,0.95474,27.7939,nominal
52.7,sim-0002,target_waypoint,6.94795,2.63197,0.68903,0.29657,2.09293,7.63702,1.30635,15.75969,47.47597,0.35782,0.99187,0.09002,0.89389,32.62671,buoyancy_imbalance
6.3,sim-0000,station_keeping,59.16113,0.36052,0.60191,-0.03523,1.26546,0.4071,2.84494,18.16965,47.73618,0.55559,0.94233,2.74528,0.15456,33.03871,sensor_drift
79.1,sim-0003,target_waypoint,34.7627,-0.04144,0.52784,-0.02999,-0.55342,-0.46119,-12.96494,32.40869,47.35124,0.5207,0.42284,0.08079,0.9898,31.19944,thruster_degradation
98.4,sim-0004,station_keeping,49.47457,0.01023,0.14157,0.04714,-4.90852,-1.81747,-1.9141,28.11703,46.72778,0.30539,0.89204,0.09897,0.92021,30.70834,hydrodynamic_drag
50.6,sim-0002,target_waypoint,56.78024,0.07432,0.32191,-0.07012,0.00845,0.09053,7.55426,25.34191,46.32644,0.35377,0.64095,0.04415,0.89456,35.73128,thruster_degradation
82.2,sim-0004,station_keeping,69.52857,-2.56175,0.69234,-0.14605,0.34552,8.39094,0.77628,17.9783,46.92626,0.13319,0.95237,0.05682,0.93789,28.89953,buoyancy_imbalance
13.6,sim-0000,pipeline_tracking,37.91985,-0.24785,0.35122,0.00182,0.21265,0.94565,9.4802,26.96897,46.70742,0.36277,0.40796,0.04233,0.94642,32.39488,thruster_degradation
10.0,sim-0000,pipeline_tracking,43.90741,-0.02886,0.75222,0.03507,-0.57621,-1.25737,2.72678,17.42611,46.794,0.413,0.92498,0.05934,0.96814,28.99978,nominal
19.3,sim-0000,pipeline_tracking,32.89427,-0.00502,0.59024,0.03966,1.51757,-0.6939,-1.23639,16.29131,46.87369,0.45609,1.01737,0.90313,0.65561,34.77735,sensor_drift
8.7,sim-0000,station_keeping,75.49148,2.06225,0.8796,-0.51612,-0.23752,-12.29945,-2.34818,15.81133,47.83418,0.47919,0.97903,0.06034,0.96953,35.19351,buoyancy_imbalance
45.9,sim-0002,station_keeping,76.38368,0.10297,0.42367,-0.03402,-6.24223,0.54358,1.6452,26.30988,47.47884,0.47063,0.80928,0.01369,0.91516,34.82231,hydrodynamic_drag
1.0,sim-0000,pipeline_tracking,18.57568,0.10453,0.75936,-0.04477,0.62186,-0.23533,-2.96605,18.99649,47.47739,0.37566,0.9883,0.06708,0.9169,32.20106,nominal
27.5,sim-0001,target_waypoint,50.75778,-0.13015,0.49737,-0.02681,-0.4949,0.48182,0.1328,18.21994,47.2364,0.56944,0.9376,0.03683,0.91941,28.41529,nominal
51.0,sim-0002,station_keeping,20.71728,0.08039,0.92251,-0.08048,-0.83868,0.54788,-2.05467,16.78084,48.16082,0.5192,0.95142,0.0666,0.88551,31.48909,nominal
56.5,sim-0002,pipeline_tracking,8.84697,-0.04514,0.59261,0.01,-0.38312,0.13734,-2.72207,20.69111,46.54528,0.38624,1.01889,0.02545,1.0,29.20871,nominal
19.6,sim-0000,pipeline_tracking,27.9746,0.20886,0.49447,-0.02005,0.01895,-0.36733,14.28592,23.60403,47.72526,0.59561,0.5128,0.06862,0.95276,30.08365,thruster_degradation
45.0,sim-0002,station_keeping,40.64154,0.00949,0.46045,0.08487,1.30468,-0.46237,2.36004,16.7071,47.39867,0.39256,0.99041,0.04068,0.99029,28.31849,nominal
49.8,sim-0002,station_keeping,19.27491,-0.2229,0.39095,-0.03873,0.79641,-0.16194,-2.11638,19.49787,47.95839,0.32478,0.97098,1.03787,0.29719,24.48892,sensor_drift
8.6,sim-0000,target_waypoint,9.07841,-0.03132,0.47153,-0.0423,-1.15107,1.04272,7.27825,21.87312,47.95759,0.43732,0.42187,0.00444,0.90039,30.4437,thruster_degradation
96.7,sim-0004,pipeline_tracking,74.08795,1.68051,0.36256,0.72552,2.37403,6.47789,0.18595,14.59399,47.91658,0.51853,0.93364,0.10954,1.0,28.23776,buoyancy_imbalance
49.2,sim-0002,station_keeping,48.0363,-1.70316,1.10735,-0.20869,1.65117,13.4424,0.7626,20.23813,48.47073,0.67394,0.94826,0.02984,0.87321,31.81924,buoyancy_imbalance
12.0,sim-0000,station_keeping,8.69081,0.22717,0.72353,0.06292,-0.60183,0.11134,-2.05405,18.87676,47.19684,0.47496,0.96543,0.01619,0.93861,27.71684,nominal
30.7,sim-0001,pipeline_tracking,14.86235,-1.85118,0.34476,0.38351,0.88614,6.43343,0.27798,17.3452,46.94583,0.51569,0.88577,0.06266,0.96579,29.97535,buoyancy_imbalance
89.4,sim-0004,station_keeping,7.41018,0.03079,0.30614,-0.05202,4.38098,-1.69472,-2.31153,27.56235,47.85168,0.36634,0.8282,0.0008,0.92565,24.93496,hydrodynamic_drag
34.8,sim-0001,station_keeping,16.55967,-0.49511,0.63324,-0.01577,-2.69329,2.05639,-1.87082,14.63782,47.62243,0.56304,1.01808,1.75564,0.45783,34.12986,sensor_drift
13.7,sim-0000,target_waypoint,50.48298,1.87062,0.4492,-0.36863,-1.62849,8.75114,-0.45883,16.22163,47.34171,0.44118,0.98168,0.06307,0.93133,32.79331,buoyancy_imbalance
59.6,sim-0002,target_waypoint,21.72764,-0.11076,0.36605,0.04503,2.36032,-0.69644,15.92483,26.39664,47.21393,0.33859,0.54473,0.01556,0.90776,30.32366,thruster_degradation
95.3,sim-0004,target_waypoint,78.64811,0.1378,0.46714,0.07338,-0.76418,-0.92265,1.83037,19.08378,47.45544,0.36435,0.97243,1.04749,0.49306,28.04944,sensor_drift
32.0,sim-0001,target_waypoint,53.62782,0.09438,0.52819,0.02733,-1.93226,-0.28891,-1.27088,16.29125,47.03161,0.19894,1.01334,0.04255,0.93291,32.5037,nominal
54.9,sim-0002,station_keeping,67.33722,-0.15006,0.24915,-0.00431,-5.80168,0.42433,-1.09829,26.46355,46.72118,0.54691,0.77824,0.04827,0.90206,31.24205,hydrodynamic_drag
46.2,sim-0002,station_keeping,82.0167,2.52123,1.05705,0.27779,-0.54572,-11.39335,-0.60432,21.44266,46.88005,0.18251,0.94522,0.00452,0.99013,29.01646,buoyancy_imbalance
1.2,sim-0000,station_keeping,3.3832,-0.7806,0.33239,-0.4763,0.21531,10.06892,-1.06657,14.63607,47.65322,0.27834,0.94736,0.0519,0.9428,32.02013,buoyancy_imbalance
49.3,sim-0002,pipeline_tracking,61.91754,0.20655,0.46003,-0.02467,0.93797,-0.41096,-0.72814,15.67435,47.7243,0.1383,0.95715,1.27276,0.82,29.81302,sensor_drift
81.8,sim-0004,target_waypoint,55.76838,-0.55237,0.85225,-0.02057,0.45035,0.47858,4.26363,19.5987,47.53929,0.38198,0.97218,2.20067,0.44501,32.32435,sensor_drift
96.0,sim-0004,station_keeping,57.15854,0.0249,0.90665,0.01606,-1.39352,-1.30615,1.3208,18.9915,48.46088,0.37455,1.00899,0.04282,0.98447,35.26798,nominal
88.9,sim-0004,pipeline_tracking,45.63361,-0.11882,0.46549,0.04403,2.6193,0.92969,2.81211,30.0402,47.78063,0.71342,0.79742,0.02909,0.88159,24.51898,hydrodynamic_drag
61.2,sim-0003,station_keeping,42.94008,-0.73084,0.28383,0.48253,1.63802,12.04949,3.56776,16.60071,47.26985,0.2199,0.93228,0.03493,0.95474,26.57378,buoyancy_imbalance
50.5,sim-0002,pipeline_tracking,35.48895,0.02918,0.49389,0.0211,-1.65522,0.03213,2.08242,15.28262,47.51125,0.22553,0.95684,0.01544,0.97498,27.52556,nominal
85.2,sim-0004,station_keeping,52.40772,-1.5069,0.77465,-0.33963,0.11845,9.71164,-1.51918,14.67348,47.63197,0.43187,0.95059,0.04727,0.95101,27.13961,buoyancy_imbalance
42.2,sim-0002,target_waypoint,45.27635,1.93262,0.59486,0.49772,0.1757,16.73249,-0.62403,17.73096,46.73866,0.79875,0.95511,0.03187,0.96356,31.80998,buoyancy_imbalance
12.6,sim-0000,station_keeping,79.45427,0.01775,0.26699,0.00249,1.18977,-0.46121,-7.08077,25.99322,48.09602,0.57968,0.43605,0.00281,0.96014,31.85591,thruster_degradation
17.6,sim-0000,target_waypoint,21.84788,-0.06092,0.27636,0.04299,0.19387,-0.2534,-16.06924,23.39365,46.2165,0.30677,0.52461,0.11832,0.84736,33.3041,thruster_degradation
63.1,sim-0003,pipeline_tracking,56.35205,0.18658,0.30939,0.04083,-0.63448,2.12669,-7.34456,24.62264,47.44151,0.50061,0.68737,0.09439,0.909,29.40318,thruster_degradation
55.4,sim-0002,target_waypoint,62.29778,-0.13751,0.4502,0.01579,0.83467,3.94653,0.87163,28.29206,47.80719,0.52779,0.87079,0.05549,0.96153,27.04592,hydrodynamic_drag
12.1,sim-0000,pipeline_tracking,50.73547,-0.12,0.22108,0.00548,1.51864,0.06313,-8.12917,23.97146,47.28678,0.86096,0.53218,0.05689,0.90671,26.17291,thruster_degradation
2.6,sim-0000,target_waypoint,61.03471,-0.10032,0.42705,-0.03064,0.23904,-1.36079,10.02889,27.07485,47.41701,0.38033,0.42446,0.11349,0.96,31.8319,thruster_degradation
38.5,sim-0001,pipeline_tracking,77.10043,-0.09833,0.36007,0.02066,0.3383,0.80243,3.42821,17.52742,47.19549,0.6381,0.97672,0.06594,0.96353,34.24263,nominal
59.8,sim-0002,pipeline_tracking,62.04857,-0.60813,0.80695,-0.03772,0.8175,-2.12926,2.62359,17.59222,48.30171,0.34163,1.02463,1.09333,0.4322,29.37389,sensor_drift
75.3,sim-0003,station_keeping,34.83815,-0.02696,0.44973,0.06785,1.2562,0.29835,0.07398,19.02145,47.72097,0.48878,0.95671,1.51645,0.55978,28.51091,sensor_drift
70.2,sim-0003,station_keeping,41.89655,-2.70966,0.79625,-0.25125,1.17171,9.59597,3.53559,19.32978,48.07438,0.31654,0.94831,0.04671,0.89732,34.37319,buoyancy_imbalance
53.2,sim-0002,pipeline_tracking,53.14369,-0.99095,0.4099,-0.50764,0.81461,7.88639,-3.71371,23.86845,47.45944,0.47175,0.94343,0.04635,0.97943,33.83308,buoyancy_imbalance
86.0,sim-0004,target_waypoint,25.40436,0.13954,0.6722,-0.03424,0.34379,0.99442,2.69742,16.85435,47.58637,0.25089,1.00987,0.02765,0.89256,28.86173,nominal
97.6,sim-0004,pipeline_tracking,10.48102,-0.18622,0.27042,-0.03345,-0.64425,0.33596,17.75036,25.18784,47.54556,0.68838,0.37205,0.00786,0.95655,29.90224,thruster_degradation
10.5,sim-0000,station_keeping,74.4953,-0.06727,0.82051,-0.03462,-1.13478,0.49446,-0.68824,16.24446,47.48944,0.52531,0.94075,0.04401,0.88258,30.90095,nominal
39.3,sim-0001,station_keeping,31.67855,0.03454,0.56636,0.03542,3.02858,0.01662,-0.22827,19.26629,47.01206,0.46036,0.99088,1.17772,0.6091,27.36134,sensor_drift
62.7,sim-0003,station_keeping,33.77428,1.72021,0.47071,0.3556,-1.53878,5.06602,2.47567,16.37991,47.70866,0.54891,0.97903,0.08632,0.9089,34.69667,buoyancy_imbalance
54.2,sim-0002,target_waypoint,55.07269,0.81625,0.80691,-0.25818,-0.10298,-13.55738,-0.14531,19.83715,48.0548,0.56899,1.00584,0.01319,0.93749,28.97166,buoyancy_imbalance
34.4,sim-0001,target_waypoint,20.52446,-0.03413,0.12124,-0.00181,0.73169,-1.47358,-1.82749,18.65428,47.94816,0.298,0.89358,0.01023,0.8627,34.31412,hydrodynamic_drag
9.5,sim-0000,target_waypoint,53.57744,-0.14632,0.69103,0.02739,-1.044,1.43086,-2.17119,18.18261,47.02452,0.3324,0.9966,0.06514,0.98774,34.18134,nominal
78.1,sim-0003,pipeline_tracking,75.25337,0.05124,0.58393,0.07705,0.22932,0.23292,-3.25008,27.89547,47.63531,0.42188,0.26414,0.03053,0.93731,31.62786,thruster_degradation
52.9,sim-0002,pipeline_tracking,37.29487,0.05088,0.30381,-0.04371,5.40755,0.32724,0.71142,24.01191,46.89129,0.63527,0.79122,0.07815,0.91448,28.92254,hydrodynamic_drag
46.9,sim-0002,pipeline_tracking,67.92733,-0.03884,0.36222,-0.00907,-6.15502,-0.12207,5.30242,26.44096,47.10606,0.32798,0.74444,0.04071,0.93134,31.4476,hydrodynamic_drag
63.9,sim-0003,station_keeping,28.10066,-0.05025,0.19156,-0.00997,-0.7355,-1.08583,-3.64537,26.70922,46.42188,0.57923,0.88569,0.07594,0.90469,30.44867,hydrodynamic_drag
91.6,sim-0004,pipeline_tracking,37.74862,-0.0301,0.75409,0.01202,-1.59687,-0.03662,8.96962,27.09949,48.40948,0.52947,0.40491,0.0689,0.915,32.3803,thruster_degradation
47.9,sim-0002,target_waypoint,13.59806,-0.00594,0.19055,0.05064,4.95966,0.62913,3.09582,25.46304,47.50382,0.67178,0.64859,0.02856,1.0,30.53655,hydrodynamic_drag
4.1,sim-0000,target_waypoint,11.0227,0.08186,0.60155,-0.02028,-2.62239,-1.34031,-6.24266,28.06945,47.48248,0.51982,0.55198,0.01056,0.88835,25.56011,thruster_degradation
25.5,sim-0001,station_keeping,57.31697,0.01603,0.5598,0.01383,3.37382,0.48408,-3.26446,18.80826,46.995,0.55507,1.02011,0.03817,0.95674,33.7801,nominal
31.7,sim-0001,target_waypoint,19.40596,-2.30095,0.91399,-0.38407,-0.23487,-14.16159,2.31717,16.31833,47.53324,0.68231,1.01933,0.05446,1.0,27.86371,buoyancy_imbalance
58.7,sim-0002,target_waypoint,65.41257,2.69155,0.94761,-0.33107,0.606,7.33378,-0.21352,20.78808,48.2459,0.38192,0.97646,0.05657,0.88437,32.91792,buoyancy_imbalance
35.1,sim-0001,station_keeping,78.40891,0.11352,0.4497,-0.09489,0.55772,0.99549,8.62535,30.44659,47.78348,0.36166,0.49748,0.08659,0.87194,31.02854,thruster_degradation
19.7,sim-0000,target_waypoint,58.72091,2.28833,0.46336,0.30436,0.54712,-15.10129,2.16699,20.62003,48.45794,0.4488,1.03124,0.09672,0.88841,31.42283,buoyancy_imbalance
75.4,sim-0003,pipeline_tracking,33.3728,-0.09599,0.36153,0.04599,1.48944,-0.7314,-0.43929,24.87758,47.37365,0.48193,0.91975,0.05796,0.91574,25.32283,hydrodynamic_drag
26.2,sim-0001,pipeline_tracking,76.93122,2.54406,0.63819,0.34422,-1.14208,-6.55185,-0.84631,11.79112,47.00229,0.38431,0.99964,0.04877,0.93119,33.01967,buoyancy_imbalance
88.3,sim-0004,pipeline_tracking,14.22996,0.4338,0.54686,0.08063,-0.44338,-0.97037,0.78466,20.81616,48.23641,0.51065,0.96303,1.14899,0.73774,31.55438,sensor_drift
63.3,sim-0003,station_keeping,52.31536,-0.07697,0.82253,0.03008,1.81993,-0.35103,-3.24305,22.26438,48.02714,0.72279,0.9565,2.35651,0.33122,28.20794,sensor_drift
89.6,sim-0004,target_waypoint,30.48376,0.12031,0.51959,-0.08055,1.08226,-1.12375,-4.71155,24.16741,47.62978,0.2824,0.45054,0.11953,1.0,29.21641,thruster_degradation
36.8,sim-0001,target_waypoint,29.6444,-1.09669,0.45259,-0.00379,-1.31479,0.38677,0.11188,16.04611,46.95215,0.4993,0.95169,0.98932,0.54867,30.51559,sensor_drift
31.1,sim-0001,target_waypoint,71.96962,-0.1265,0.33806,-0.03241,-2.75467,0.5803,-10.23543,22.25118,47.41293,0.62572,0.68134,0.01578,0.92942,32.59707,thruster_degradation
43.5,sim-0002,station_keeping,6.38454,-0.05195,0.45665,0.00662,0.41988,0.95413,-0.37655,18.34352,48.22985,0.52358,0.97513,0.02865,0.93715,32.96274,nominal
71.7,sim-0003,station_keeping,14.518,-1.03528,0.45886,0.28992,-0.51868,10.25145,-2.13161,17.20015,48.26099,0.45756,1.04866,0.00444,0.9284,29.55191,buoyancy_imbalance
32.7,sim-0001,station_keeping,24.67663,2.39776,0.62344,-0.64242,-0.33534,4.93202,1.12561,19.36437,47.36922,0.43114,0.94039,0.05378,0.91715,25.32664,buoyancy_imbalance
28.5,sim-0001,station_keeping,57.50841,-0.20881,0.80454,-0.00357,1.56723,-1.96321,-3.2006,16.05949,47.11467,0.45857,0.92928,0.07587,0.86247,31.26929,nominal
58.8,sim-0002,station_keeping,56.99809,0.03151,0.7998,-0.04357,1.9145,-0.85139,2.3439,20.74419,48.00141,0.76198,1.00523,1.58673,0.26336,27.64465,sensor_drift
52.6,sim-0002,pipeline_tracking,12.55226,-0.14982,0.69065,-0.08662,-1.25996,1.7202,6.80244,26.53852,46.96236,0.28628,0.45895,0.10049,0.94957,27.50197,thruster_degradation
24.3,sim-0001,station_keeping,28.76524,-0.66866,0.82691,0.0316,-0.38472,0.60536,0.1264,21.80034,46.54921,0.53781,1.01351,2.09736,0.31445,31.5319,sensor_drift
36.4,sim-0001,pipeline_tracking,13.23434,-0.0587,0.35447,-0.0377,4.15046,-0.60295,-0.01499,24.92298,47.25303,0.51641,0.68238,0.1326,0.91155,31.85308,hydrodynamic_drag
72.2,sim-0003,target_waypoint,28.87423,-1.43994,0.64143,-0.29509,-0.09885,-11.22844,-2.83866,19.0173,47.8777,0.18898,1.01798,0.00691,0.96076,31.22669,buoyancy_imbalance
29.5,sim-0001,pipeline_tracking,73.23255,-0.14494,0.82513,-0.04032,-1.82265,0.97483,-1.48017,20.45367,47.60734,0.38734,1.00128,0.07856,1.0,29.75912,nominal
43.1,sim-0002,target_waypoint,62.60314,0.19844,0.32504,-0.02416,-0.51889,-0.39747,-10.84373,26.30353,47.12519,0.45085,0.70762,0.02175,0.86256,39.36096,thruster_degradation
76.4,sim-0003,target_waypoint,52.42097,0.13479,0.36506,0.05454,-0.7032,0.00854,-1.68305,23.34308,46.77721,0.39738,0.89287,0.0094,0.97123,31.60064,hydrodynamic_drag
6.0,sim-0000,station_keeping,26.90515,-0.01875,0.61451,0.08724,-0.02066,-0.51316,0.42719,17.44247,46.97365,0.57954,0.95174,0.06084,0.95668,28.17314,nominal
38.3,sim-0001,target_waypoint,5.26266,0.02624,0.44967,0.01951,-2.24944,1.19509,0.58219,17.46002,47.08366,0.44182,0.91188,2.39151,0.81818,27.35646,sensor_drift
33.0,sim-0001,station_keeping,61.302,0.12894,0.44695,0.00152,-2.02956,-1.09832,3.86085,15.69364,47.48825,0.60739,0.98134,0.01054,0.9539,32.62077,nominal
66.5,sim-0003,target_waypoint,37.47142,0.0587,0.49929,-0.06972,0.68322,-0.07437,-1.95302,15.90215,47.66554,0.5177,1.00293,0.05609,0.92377,34.00825,nominal
83.6,sim-0004,target_waypoint,13.44309,-0.11518,0.70401,0.03015,2.16183,-1.04833,-9.68435,29.48674,48.35682,0.28205,0.37867,0.02281,0.92927,23.36537,thruster_degradation
90.9,sim-0004,station_keeping,65.50622,-0.0436,0.44405,-0.03816,2.03068,-2.14125,-1.0474,23.82859,47.39008,0.5206,0.78839,0.06906,0.94475,30.53312,hydrodynamic_drag
98.5,sim-0004,pipeline_tracking,66.51793,0.10841,0.72266,0.03053,1.32319,0.25685,-1.27757,19.86869,47.89143,0.34614,0.96977,0.01858,0.92651,34.12275,nominal
66.6,sim-0003,station_keeping,59.29991,0.23652,0.62098,0.05237,1.01167,0.95432,11.02199,20.8166,47.3672,0.56322,0.58953,0.04415,0.92044,32.77609,thruster_degradation
79.5,sim-0003,station_keeping,8.51287,0.04801,0.57811,0.02336,-0.00695,-0.16647,-1.6058,17.04038,47.88109,0.49083,1.01003,0.0181,0.98947,28.80054,nominal
37.8,sim-0001,station_keeping,48.99714,0.13141,0.54656,0.01052,0.40596,0.85541,-2.56653,12.74399,47.85475,0.46746,0.96789,2.22282,0.43155,33.53384,sensor_drift
44.2,sim-0002,pipeline_tracking,25.01267,-2.41998,0.66647,-0.31344,0.2875,-15.26844,1.74731,17.0781,47.51575,0.54113,0.87708,0.09981,0.9264,32.67348,buoyancy_imbalance
61.1,sim-0003,target_waypoint,74.72885,0.08327,0.39267,-0.01654,-0.02635,0.00409,12.4787,31.92481,48.0915,0.67262,0.48753,0.06786,0.91809,35.79453,thruster_degradation
31.9,sim-0001,pipeline_tracking,13.11676,-0.0599,0.27021,0.03614,0.66652,-1.43775,-4.2256,27.80752,47.72202,0.49625,0.83483,0.01055,0.94123,30.47551,hydrodynamic_drag
36.7,sim-0001,pipeline_tracking,67.07338,-2.24229,0.75344,0.56936,-0.89923,13.06549,-2.1734,14.94058,47.46926,0.53656,0.97749,0.00998,0.93251,24.1683,buoyancy_imbalance
16.1,sim-0000,target_waypoint,79.20785,-0.08358,0.54992,0.00889,-1.90341,0.58948,13.25892,30.49215,47.59116,0.40753,0.53602,0.05495,0.96105,30.82642,thruster_degradation
17.7,sim-0000,station_keeping,38.18677,1.09688,0.90283,-0.5593,0.4673,-8.28237,3.7541,15.40852,47.95229,0.53671,0.94515,0.06869,0.93274,34.27625,buoyancy_imbalance
79.7,sim-0003,target_waypoint,27.63608,-1.20894,0.83446,-0.24786,-1.05619,18.02026,-2.83541,16.61365,48.37335,0.49144,1.0048,0.03972,0.82102,31.73649,buoyancy_imbalance
47.6,sim-0002,target_waypoint,52.04798,-0.06913,0.27818,-0.05645,-1.59679,-0.67488,9.56742,28.37735,47.68955,0.37004,0.45981,0.0168,0.9694,30.49286,thruster_degradation
95.9,sim-0004,target_waypoint,37.40667,-0.07809,0.36529,-0.02198,5.65864,0.3637,0.98277,25.51608,47.47968,0.46781,0.77191,0.0577,0.96805,27.1714,hydrodynamic_drag
32.9,sim-0001,target_waypoint,43.35901,0.23904,0.41103,-0.02294,-2.83353,0.37538,-0.56417,25.14685,47.0172,0.63058,0.74247,0.0069,0.94322,29.38041,hydrodynamic_drag
28.7,sim-0001,target_waypoint,14.29103,1.63944,0.55967,-0.45055,-2.76488,13.99966,0.64755,16.74282,48.06812,0.20643,0.93064,0.0552,0.96107,31.35906,buoyancy_imbalance
88.5,sim-0004,station_keeping,32.77807,-0.33507,0.34662,-0.05286,0.08309,2.15796,-4.92799,18.41913,48.03753,0.3818,0.94132,0.09773,0.92207,31.19979,nominal
23.3,sim-0001,target_waypoint,10.66087,0.57785,0.69166,0.06179,-0.16153,-1.87591,-0.41506,13.65457,46.80616,0.5655,0.92474,1.26491,0.20912,28.0094,sensor_drift
21.9,sim-0001,station_keeping,72.50711,0.09809,0.27588,0.04485,-2.12293,-0.68432,-2.22971,26.0056,47.21268,0.57184,0.84305,0.0515,0.94068,33.12249,hydrodynamic_drag
6.2,sim-0000,target_waypoint,29.17879,1.427,0.6363,0.61956,-0.52611,13.42595,0.70986,18.50401,46.74843,0.57601,0.95713,0.06326,1.0,33.76578,buoyancy_imbalance
59.1,sim-0002,station_keeping,70.88933,0.04097,0.36119,0.03822,0.50015,0.85293,-6.66418,27.5486,48.07446,0.76965,0.46955,0.0977,0.96282,32.34699,thruster_degradation
75.2,sim-0003,target_waypoint,31.63375,-2.38325,0.55071,-0.47041,-1.76825,7.48892,-2.26488,11.95298,47.60877,0.67887,1.00008,0.09468,0.94132,26.23964,buoyancy_imbalance
23.9,sim-0001,target_waypoint,41.43642,0.01855,0.52203,-0.00881,3.77549,-1.02368,4.43015,25.76525,47.43302,0.57743,0.72435,0.04459,0.9539,27.74032,hydrodynamic_drag
20.9,sim-0001,target_waypoint,60.51042,-0.0085,0.36949,0.08679,0.7079,-0.99807,0.43382,27.24259,47.37961,0.35025,0.8513,0.01978,0.96121,35.5499,hydrodynamic_drag
12.9,sim-0000,station_keeping,38.80187,0.00438,0.37542,0.00394,-1.57967,1.40402,-2.90079,29.61985,47.00633,0.5345,0.7704,0.00454,0.91196,29.58256,hydrodynamic_drag
30.2,sim-0001,target_waypoint,43.88056,-2.07524,0.48958,0.53612,0.64173,-5.91747,-3.41875,15.99557,47.54908,0.64468,0.93273,0.07338,0.86579,37.15763,buoyancy_imbalance
72.7,sim-0003,pipeline_tracking,67.91682,1.77136,0.91827,0.56952,-0.0394,9.52219,-0.03095,17.05503,46.55271,0.31599,0.93589,0.09046,0.93356,30.00326,buoyancy_imbalance
1.1,sim-0000,target_waypoint,36.18481,0.12181,0.36435,0.03357,1.15045,-0.60207,-4.85348,22.58193,49.30728,0.64649,0.55524,0.0291,1.0,28.39782,thruster_degradation
80.3,sim-0004,target_waypoint,75.34853,0.5863,0.54124,-0.00912,0.89263,0.66545,1.79366,17.72796,47.03049,0.49094,0.94124,0.98447,0.42505,30.23287,sensor_drift
53.8,sim-0002,pipeline_tracking,21.7356,-0.23246,0.65455,0.01224,-1.53717,1.33513,0.06499,21.9032,48.45733,0.64823,0.97996,2.43418,0.5007,34.36232,sensor_drift
55.9,sim-0002,pipeline_tracking,64.95037,-0.27651,0.28202,-0.02112,2.6406,0.28319,1.76492,22.97412,47.50411,0.54547,0.84357,0.05641,0.8694,35.34054,hydrodynamic_drag
11.0,sim-0000,target_waypoint,39.20808,0.06733,0.37972,-0.06577,1.34386,-0.04157,-2.62738,19.94077,47.62902,0.8932,1.01375,0.06213,0.93396,31.69689,nominal
55.5,sim-0002,station_keeping,26.89615,-0.05758,0.86522,-0.01715,-0.95503,-1.60468,-1.43045,18.37064,47.75655,0.36833,0.96009,0.08887,0.9665,28.3909,nominal
85.9,sim-0004,pipeline_tracking,8.21577,-0.03919,0.23914,-0.01476,-2.42134,-0.34072,-0.05148,24.73369,47.23869,0.52787,0.81291,0.0332,0.90239,29.39187,hydrodynamic_drag
85.7,sim-0004,target_waypoint,63.5102,-1.83947,0.58644,-0.54993,0.53903,-6.28946,1.91754,14.82415,47.27166,0.52727,0.91862,0.01846,0.95869,29.06443,buoyancy_imbalance
30.0,sim-0001,station_keeping,25.57304,0.12514,0.68726,-0.0532,-0.90229,-0.29137,-1.98283,16.60844,47.63641,0.51546,0.98698,0.01334,0.91372,29.00842,nominal
56.1,sim-0002,station_keeping,26.12883,0.1307,0.56292,0.03527,-0.64722,0.71273,2.68051,30.79774,46.60707,0.5376,0.45005,0.07292,0.96894,33.04169,thruster_degradation
36.9,sim-0001,station_keeping,67.09466,-0.03257,0.27586,-0.08689,-5.89665,-1.95755,-0.96371,27.76203,47.46385,0.37166,0.95733,0.01054,0.94815,29.09927,hydrodynamic_drag
48.3,sim-0002,station_keeping,78.24673,0.54737,0.88098,0.04312,-2.03878,0.62254,-1.29,16.28428,47.5415,0.67772,0.97069,1.75839,0.28389,37.84626,sensor_drift
11.9,sim-0000,target_waypoint,67.43841,0.10284,0.24579,0.00029,-1.49333,-0.84915,2.2665,20.76638,47.13461,0.35361,0.70936,0.10426,0.97102,35.18586,hydrodynamic_drag
34.1,sim-0001,target_waypoint,13.30552,-0.13193,0.44382,-0.03201,1.12239,2.36099,-8.65381,28.07014,47.55382,0.31751,0.38758,0.04132,0.91043,33.62104,thruster_degradation
26.6,sim-0001,target_waypoint,15.33639,0.08744,0.33926,0.04383,-0.04452,-1.51193,-5.80375,33.18807,46.79102,0.56666,0.32963,0.01003,0.95285,33.85062,thruster_degradation
74.7,sim-0003,station_keeping,4.98583,-1.28643,0.31094,-0.50726,-2.74788,15.78924,-0.53175,17.69377,48.29037,0.5725,0.96452,0.07793,0.86863,31.70451,buoyancy_imbalance
88.7,sim-0004,target_waypoint,49.09558,-2.33358,0.92472,-0.47933,1.09286,9.84318,-1.99911,19.29364,47.68095,0.65022,0.94574,0.0857,0.94432,27.96505,buoyancy_imbalance
89.3,sim-0004,target_waypoint,20.26077,-0.02126,0.32954,0.07142,2.25215,1.36837,-0.80808,18.35782,47.58733,0.31042,0.88651,0.76672,0.19278,30.3709,sensor_drift
67.3,sim-0003,pipeline_tracking,4.92114,-0.16731,0.39405,0.00346,1.20299,1.37019,0.16836,18.88833,47.24858,0.73394,0.90199,1.59571,0.52075,28.75788,sensor_drift
40.7,sim-0002,target_waypoint,11.24866,2.77122,0.76053,-0.43887,-0.23072,5.62353,0.90218,18.70912,47.80218,0.41266,1.04003,0.02307,0.96805,31.71107,buoyancy_imbalance
51.2,sim-0002,target_waypoint,27.38732,-0.52078,0.67203,-0.43798,-0.60715,11.53574,-1.05623,18.8651,47.50931,0.25484,1.02378,0.04108,0.97349,32.76242,buoyancy_imbalance
9.2,sim-0000,target_waypoint,63.45963,1.17075,0.42754,0.43086,-1.68553,-9.10505,-1.23611,23.34148,46.60154,0.50706,0.95832,0.02301,0.95261,31.46675,buoyancy_imbalance
95.5,sim-0004,pipeline_tracking,58.61792,-0.17854,0.94828,0.0451,0.93584,-0.48686,-1.75332,18.3356,47.36809,0.3274,0.98648,0.09597,0.94095,35.24632,nominal
41.1,sim-0002,station_keeping,50.51929,0.12545,0.36143,-0.01041,-0.45484,-1.00066,4.80008,31.83971,47.14078,0.51079,0.67848,0.04659,0.8876,32.01426,thruster_degradation
98.9,sim-0004,target_waypoint,52.51412,-0.0856,0.28932,-0.0969,-2.06496,-1.70596,-1.76555,23.76316,47.61762,0.65627,0.98192,0.01882,0.9209,23.44982,hydrodynamic_drag
96.8,sim-0004,target_waypoint,25.95476,0.48327,0.59262,0.0066,-1.86464,0.74963,-1.85026,13.17233,47.13782,0.43158,0.92486,0.79139,0.77792,31.60828,sensor_drift
28.6,sim-0001,pipeline_tracking,18.80904,0.09883,0.43833,0.03403,0.56802,-1.87857,12.63561,26.47501,47.36885,0.50183,0.44334,0.10137,0.95342,35.17232,thruster_degradation
8.2,sim-0000,pipeline_tracking,33.61677,2.84204,0.5136,-0.54606,0.88218,14.29567,2.26574,17.69817,47.61109,0.54864,0.95223,0.03203,0.96612,31.46359,buoyancy_imbalance
8.3,sim-0000,target_waypoint,44.47103,-0.7993,0.95108,0.01529,1.05137,0.46315,-3.93338,17.44154,47.7244,0.28153,1.02417,1.71684,0.79736,24.87405,sensor_drift
42.6,sim-0002,station_keeping,17.10795,0.08461,0.23311,-0.01357,-0.91507,-0.89465,-12.93396,29.29629,47.69606,0.43019,0.31297,0.0901,0.92801,28.53433,thruster_degradation
81.9,sim-0004,station_keeping,24.63239,-0.02534,0.28342,-0.06764,-0.36189,-0.24297,-3.79334,24.80838,47.52246,0.59398,0.77004,0.00484,0.91501,27.66827,hydrodynamic_drag
74.2,sim-0003,pipeline_tracking,50.68871,-2.74645,0.46346,0.59278,1.75471,9.2487,0.16974,16.52322,47.87604,0.57015,1.03377,0.10059,0.95861,35.87053,buoyancy_imbalance
11.6,sim-0000,target_waypoint,33.5937,0.07386,0.33641,0.04027,1.15316,0.62521,-14.53323,30.34534,47.57783,0.44001,0.53825,0.08327,0.95507,31.28683,thruster_degradation
74.0,sim-0003,target_waypoint,14.41293,-0.05023,0.81153,-0.03002,-0.90025,-0.99037,-0.10642,21.44661,47.61658,0.4348,0.97669,0.05292,0.9503,31.44801,nominal
2.9,sim-0000,target_waypoint,28.89727,0.05699,0.38671,-0.04383,-0.59423,-2.2661,-0.0118,27.81995,48.11799,0.50118,0.8707,0.04998,0.89906,26.76586,hydrodynamic_drag
16.3,sim-0000,pipeline_tracking,73.44884,0.41772,0.84323,0.03693,1.33131,-1.28515,-1.93618,13.44479,47.50721,0.42053,0.97197,1.18567,0.22887,27.6533,sensor_drift
99.0,sim-0004,station_keeping,54.61192,-0.05807,0.74921,0.00309,2.92869,0.30307,-0.16636,17.67214,47.31343,0.44386,0.93784,0.02981,0.89898,39.26932,nominal
59.3,sim-0002,target_waypoint,10.74124,0.13959,0.76018,-0.05783,-2.75223,0.65535,-3.1171,18.149,47.69361,0.54999,0.99636,2.12907,0.41767,30.44646,sensor_drift
44.7,sim-0002,station_keeping,26.8954,-2.08503,0.60454,-0.50099,0.09591,9.76218,2.86167,17.55336,47.4738,0.50977,0.98796,0.02425,0.94242,34.73062,buoyancy_imbalance
89.5,sim-0004,pipeline_tracking,74.32875,0.08175,0.26176,0.02068,-2.12932,0.21722,0.09402,19.59993,47.44939,0.43588,0.97938,0.00586,0.90864,29.56765,nominal
85.4,sim-0004,target_waypoint,52.63341,-0.02479,0.25898,0.01244,-0.82814,-1.08283,0.64174,29.80956,46.00153,0.3088,0.89791,0.09737,0.91298,34.93013,hydrodynamic_drag
69.2,sim-0003,target_waypoint,49.7206,2.07691,0.88615,0.26863,-1.28444,-13.11298,1.17349,17.60877,46.90506,0.4141,1.00026,0.06144,0.95524,29.74525,buoyancy_imbalance
46.5,sim-0002,station_keeping,15.21135,0.21409,0.52955,-0.04964,0.00139,-0.5415,-0.66849,15.99424,46.7253,0.42489,0.92474,0.01144,1.0,38.26909,nominal
52.1,sim-0002,target_waypoint,35.94727,0.09558,0.28739,0.01054,0.98642,1.56933,3.24878,33.5661,47.44581,0.49269,0.39448,0.00382,0.99244,33.09216,thruster_degradation
22.4,sim-0001,target_waypoint,17.36252,0.14993,0.27925,-0.03529,0.08241,-1.87207,-1.93282,26.40185,48.00319,0.38712,0.85093,0.10619,0.89427,31.28378,hydrodynamic_drag
87.9,sim-0004,station_keeping,10.79431,0.09056,0.30627,0.02066,0.87019,-0.71279,0.25725,29.12121,47.24582,0.41369,0.81409,0.07736,0.95724,30.58542,hydrodynamic_drag
78.3,sim-0003,station_keeping,74.30361,0.17486,0.70707,-0.04342,0.25814,-0.72934,-1.75128,16.32056,47.2291,0.32107,0.96686,1.06598,0.5016,28.22631,sensor_drift
4.5,sim-0000,station_keeping,69.63124,-0.03481,0.9637,-0.09035,1.4261,-2.22165,-0.18016,17.62042,47.91215,0.05,0.90288,0.03019,0.94148,28.32035,nominal
7.8,sim-0000,station_keeping,11.91636,0.94612,0.47322,0.07778,-1.83729,-1.03758,1.02421,16.47316,47.85157,0.567,0.98224,0.96401,0.3213,30.40363,sensor_drift
2.5,sim-0000,pipeline_tracking,13.98971,-0.14407,0.69881,-0.03665,-0.37938,0.04279,-2.16109,19.84364,46.53184,0.20672,1.00388,0.03057,0.94785,33.11488,nominal
76.9,sim-0003,pipeline_tracking,23.45471,0.08908,0.09032,0.00327,1.42258,-0.69659,-2.08407,24.71844,47.36081,0.87377,0.91683,0.02074,0.97337,33.02023,hydrodynamic_drag
92.1,sim-0004,station_keeping,33.32463,0.1611,0.38042,0.0353,-0.20867,-0.17665,-6.65933,30.15763,47.57019,0.48847,0.34476,0.04394,1.0,37.59636,thruster_degradation
61.3,sim-0003,pipeline_tracking,62.8623,0.2857,0.80573,-0.06825,-1.64511,0.68606,-0.62295,14.39916,48.32658,0.57239,0.96934,2.60874,0.3972,28.70592,sensor_drift
84.1,sim-0004,pipeline_tracking,52.654,0.08383,0.54728,-0.00161,0.23546,0.80367,13.39634,22.94534,47.70944,0.64076,0.56211,0.01223,0.98647,34.36406,thruster_degradation
42.7,sim-0002,pipeline_tracking,28.22816,1.87027,0.73071,-0.41145,-0.66835,7.08309,1.66951,19.87043,46.99961,0.39823,0.96128,0.01071,0.95408,26.99236,buoyancy_imbalance
16.0,sim-0000,pipeline_tracking,24.19186,0.05126,0.72213,-0.03293,-2.06676,-0.1128,-0.5422,19.00793,47.11774,0.56886,0.98434,0.0241,0.9778,29.97125,nominal
33.3,sim-0001,station_keeping,64.08935,0.2907,0.67317,-0.05573,-0.28511,-1.4994,0.6751,19.51074,47.24483,0.50452,0.94566,1.26142,0.39582,31.96011,sensor_drift
39.2,sim-0001,target_waypoint,63.6689,2.23081,0.96004,0.5352,-1.83142,-9.05138,2.06255,19.68942,47.19801,0.47612,0.9875,0.06603,0.89833,34.69991,buoyancy_imbalance
1.6,sim-0000,pipeline_tracking,46.08287,0.03788,0.33027,0.06072,-0.16364,-0.793,8.92397,26.81032,46.41713,0.50189,0.70319,0.03732,0.91145,32.11541,thruster_degradation
42.8,sim-0002,target_waypoint,58.38331,0.2343,0.61703,0.04903,-0.37319,-1.4931,-1.39233,18.8046,46.79922,0.55895,1.04162,1.46073,0.6657,31.61878,sensor_drift
51.8,sim-0002,target_waypoint,53.13524,0.30642,0.53182,0.06264,0.99963,2.35703,-2.24201,18.1676,47.16865,0.42194,0.99691,1.24851,0.28442,29.99251,sensor_drift
99.4,sim-0004,pipeline_tracking,17.7692,-0.03184,0.36911,0.05742,-1.38142,0.57846,-0.23245,31.06374,47.79827,0.71388,0.85213,0.0803,0.99157,34.46845,hydrodynamic_drag
64.3,sim-0003,pipeline_tracking,79.72944,0.06882,0.59762,-0.03029,0.4635,-0.12929,-0.99256,18.52815,46.78841,0.45003,0.96837,2.41798,0.65489,30.19347,sensor_drift
81.7,sim-0004,pipeline_tracking,40.52003,1.28776,0.99963,-0.43669,1.23752,-10.00713,-0.50207,20.2042,47.70226,0.42769,0.96324,0.08626,1.0,31.45493,buoyancy_imbalance
25.8,sim-0001,station_keeping,74.83725,-0.43552,0.69089,0.02296,0.48767,1.68518,0.56908,16.04751,47.87373,0.3469,0.93715,2.63023,0.45138,30.90229,sensor_drift
65.3,sim-0003,target_waypoint,12.67204,0.20032,0.53594,0.09513,0.10394,-1.40179,-0.14033,19.60897,48.26207,0.45096,0.95619,1.06623,0.17118,28.84754,sensor_drift
54.5,sim-0002,target_waypoint,12.88609,-0.1067,0.59766,0.01068,1.17273,-0.98095,0.75871,16.02794,47.6731,0.61097,0.98044,0.07067,0.92852,31.69457,nominal
92.5,sim-0004,pipeline_tracking,56.94189,-0.03121,0.96342,-0.07519,1.16232,-1.93581,0.61449,22.05439,46.79975,0.6346,0.98682,0.03552,0.88886,27.61909,nominal
33.9,sim-0001,station_keeping,67.37589,-0.12298,0.28024,-0.01447,-3.93206,3.38356,-1.78517,23.73453,48.11022,0.4037,0.65835,0.05284,0.91944,29.16436,hydrodynamic_drag
64.8,sim-0003,station_keeping,72.55984,0.37769,0.68896,-0.02123,0.86333,0.15577,1.59435,18.67987,46.63125,0.40273,0.94341,2.46835,0.28865,35.77631,sensor_drift
44.3,sim-0002,target_waypoint,7.22073,-0.12423,0.62403,-0.02786,1.51216,-1.98427,-3.29357,16.16236,47.82369,0.48731,0.98646,1.10745,0.45698,30.73575,sensor_drift
0.9,sim-0000,station_keeping,21.62473,0.13601,0.32912,0.01697,-5.90551,-0.63488,3.28387,23.98528,47.83272,0.52445,0.85134,0.02878,1.0,36.18995,hydrodynamic_drag
5.5,sim-0000,pipeline_tracking,51.18581,0.10025,0.5939,-0.05006,-1.10552,-0.88406,-1.67986,17.03644,46.81017,0.51169,0.97714,0.16296,0.97075,32.63608,nominal
33.5,sim-0001,target_waypoint,14.93399,-0.30977,0.80606,-0.02239,-0.12815,2.74146,0.72147,18.62062,46.29321,0.55331,0.96107,0.09322,0.93063,26.67392,nominal
10.6,sim-0000,pipeline_tracking,29.60071,-0.01982,0.34336,0.06473,0.57643,1.54487,12.27366,24.35137,47.09945,0.53477,0.494,0.05915,0.98527,30.60754,thruster_degradation
93.7,sim-0004,pipeline_tracking,69.81262,-0.96478,0.45534,-0.21058,0.35472,8.73946,-0.95184,15.91863,47.33649,0.60592,0.95165,0.024,0.95615,32.57429,buoyancy_imbalance
67.0,sim-0003,pipeline_tracking,16.27595,0.25483,0.68598,0.11224,1.95596,1.03742,1.47506,22.30866,47.3973,0.40677,0.9657,0.01031,0.9056,29.72832,nominal
76.3,sim-0003,pipeline_tracking,66.16871,-0.75744,0.81686,0.03813,0.28097,-0.61911,0.80425,17.68684,47.02158,0.22675,0.99065,1.74553,0.53685,23.73319,sensor_drift
51.3,sim-0002,station_keeping,69.50649,-0.52325,0.67486,-0.00751,-0.44282,-2.08441,-3.51585,18.17717,47.84616,0.44779,0.95247,1.95879,0.47429,21.64376,sensor_drift
76.8,sim-0003,station_keeping,52.5957,0.45393,0.97083,0.01595,-1.08288,-1.48158,2.00054,20.22271,47.27185,0.42168,0.99253,1.49512,0.63941,28.29047,sensor_drift
15.8,sim-0000,target_waypoint,11.27434,0.20432,0.4677,-0.06937,-0.23086,-2.26274,3.892,18.8491,47.61397,0.65326,1.01821,1.15906,0.66454,23.89465,sensor_drift
9.9,sim-0000,station_keeping,6.54456,0.1452,0.30337,-0.00694,4.97152,0.1236,1.77807,26.57208,46.76976,0.60908,0.76646,0.01596,0.93873,29.92839,hydrodynamic_drag
65.9,sim-0003,target_waypoint,44.26512,-0.09297,0.31555,0.00914,3.97641,-0.44603,0.70522,22.42946,47.11673,0.7325,0.76002,0.02864,0.9591,29.73054,hydrodynamic_drag
51.5,sim-0002,target_waypoint,27.66956,0.14434,0.41215,0.04183,-0.86367,-0.70257,0.34173,17.76634,47.68022,0.36409,0.95489,0.09971,0.96723,22.48944,nominal
53.9,sim-0002,target_waypoint,28.15807,0.05165,0.2552,0.01512,-1.24307,-1.3836,1.61082,24.15637,48.0801,0.46358,0.83996,0.00958,0.99203,25.10607,hydrodynamic_drag
68.7,sim-0003,station_keeping,56.65799,-1.10411,0.45744,-0.32539,1.59579,-14.342,1.70834,17.5088,48.00481,0.59916,1.01566,0.02055,0.87754,29.12868,buoyancy_imbalance
68.1,sim-0003,station_keeping,16.7122,-0.09046,0.27135,-0.08727,-0.99226,0.07932,11.72841,23.31772,47.35507,0.12748,0.43856,0.0305,0.96746,28.16443,thruster_degradation
20.8,sim-0001,pipeline_tracking,38.37669,-0.02049,0.47,-0.02968,-0.32425,-0.71734,-1.58443,14.08148,47.43879,0.40856,0.91927,2.12307,0.63872,26.42478,sensor_drift
60.3,sim-0003,station_keeping,57.6066,0.18776,0.64268,0.0725,-0.08322,1.94142,-1.01868,17.46718,46.96491,0.45225,0.96631,1.31781,0.49255,29.57432,sensor_drift
65.4,sim-0003,station_keeping,27.40223,0.05501,0.24592,0.07214,-2.14604,0.32053,1.23437,26.31091,47.29154,0.37078,0.72983,0.08284,0.95107,32.55086,hydrodynamic_drag
95.6,sim-0004,target_waypoint,41.94053,0.17271,0.54538,2e-05,0.35484,-0.14542,12.03656,29.7918,47.36992,0.35716,0.43379,0.06139,0.97542,35.95507,thruster_degradation
42.0,sim-0002,station_keeping,70.79525,-0.08005,0.53833,0.07268,-0.80163,-1.02609,0.50762,18.36212,47.71772,0.43673,0.96263,0.05563,0.91456,27.17119,nominal
62.6,sim-0003,target_waypoint,39.24497,0.02019,0.30667,0.10028,-0.7992,0.68194,-10.05435,29.8822,47.30996,0.58109,0.36934,0.01326,0.89945,28.87863,thruster_degradation
45.6,sim-0002,station_keeping,76.15677,0.07204,0.18157,0.02519,0.16464,0.38468,6.65134,29.40739,47.43667,0.78141,0.53446,0.07665,0.88283,26.74364,thruster_degradation
28.1,sim-0001,target_waypoint,16.14847,-0.17296,0.60147,0.06077,0.97679,0.32629,6.50762,21.42945,47.42384,0.56578,0.63209,0.00294,1.0,31.11339,thruster_degradation
27.7,sim-0001,pipeline_tracking,5.21853,-1.96027,0.63379,-0.64129,-0.63529,17.36126,-0.12701,15.05018,46.4916,0.43486,0.97976,0.00869,0.86851,32.68245,buoyancy_imbalance
43.2,sim-0002,station_keeping,23.72742,2.43146,0.6294,0.27967,0.16293,-8.15946,-2.12764,17.19681,47.67965,0.36254,1.02806,0.08477,0.85396,34.09654,buoyancy_imbalance
68.4,sim-0003,station_keeping,38.91329,-0.10318,0.24486,-0.00939,-0.04545,1.29021,-0.07499,23.13511,47.79227,0.42667,0.6578,0.09479,0.92417,33.19376,hydrodynamic_drag
4.3,sim-0000,pipeline_tracking,17.97943,-0.27685,0.88093,-0.05362,-1.4372,0.43578,2.41799,20.12247,47.26433,0.45724,0.95312,1.8343,0.58546,31.11838,sensor_drift
11.3,sim-0000,target_waypoint,8.47333,-0.64078,0.54104,-0.04295,-2.14783,0.01194,0.6013,15.45834,47.73307,0.48667,0.90947,1.88864,0.82,31.66403,sensor_drift
19.8,sim-0000,station_keeping,71.13617,0.25995,0.27429,-0.05178,0.14737,0.98416,-1.39925,20.95869,47.78268,0.76107,0.97547,2.70489,0.35355,30.64953,sensor_drift
68.8,sim-0003,pipeline_tracking,73.5163,-0.00069,0.34909,0.02499,0.86785,-0.38916,0.84932,14.80913,48.1374,0.45535,0.89869,1.13337,0.45089,33.6093,sensor_drift
46.8,sim-0002,station_keeping,58.21108,0.28242,0.67838,0.04508,1.40852,-0.17135,1.08167,18.72681,48.31403,0.47825,0.96528,0.96735,0.05,27.09782,sensor_drift
35.6,sim-0001,target_waypoint,6.20502,0.16063,0.43361,-0.02594,0.90398,0.63406,9.75779,24.75606,47.30039,0.3904,0.44009,0.01239,0.95245,30.41059,thruster_degradation
92.4,sim-0004,station_keeping,22.89573,0.00021,0.3806,-0.01944,-6.14866,-0.08418,0.57719,23.34178,47.89908,0.4091,0.7247,0.03413,0.90882,31.06479,hydrodynamic_drag
9.6,sim-0000,station_keeping,62.15808,0.06337,0.30769,0.13292,-0.25561,-0.54675,11.65095,23.75302,47.62667,0.35762,0.44041,0.02803,0.95501,34.39707,thruster_degradation
90.2,sim-0004,target_waypoint,46.35673,1.34415,0.41805,-0.3765,1.58635,-10.29426,-0.04639,18.86691,47.48654,0.3985,0.99542,0.08106,0.95934,31.51012,buoyancy_imbalance
52.2,sim-0002,station_keeping,70.42279,-1.7113,0.84372,-0.25707,-0.86181,-10.06528,-0.71825,16.47448,47.24177,0.06898,1.03473,0.02592,0.90205,27.80063,buoyancy_imbalance
18.4,sim-0000,pipeline_tracking,26.98448,0.02145,0.17449,-0.00813,2.02573,-0.07378,5.21209,24.99715,47.84187,0.32785,0.79071,0.03415,0.92163,27.84834,hydrodynamic_drag
69.1,sim-0003,pipeline_tracking,45.02845,-0.0396,0.50558,0.03219,-0.97901,2.02531,-10.23684,21.07633,47.30177,0.44996,0.67237,0.00047,0.92719,27.41203,thruster_degradation
13.3,sim-0000,pipeline_tracking,28.9958,-0.20555,0.56838,0.02596,0.49374,-0.03032,-2.55517,17.40642,47.17336,0.37021,0.99775,1.68796,0.82,37.10736,sensor_drift
91.7,sim-0004,target_waypoint,61.95718,1.91132,0.70428,-0.4545,1.1438,11.75732,2.2688,16.87329,47.60561,0.49208,0.93469,0.04091,0.91469,35.02087,buoyancy_imbalance
50.0,sim-0002,target_waypoint,67.17789,0.05859,0.61176,0.00448,-0.93962,1.50433,-1.01831,18.07959,47.43372,0.5253,0.92773,0.07849,0.8688,32.41419,nominal
92.2,sim-0004,pipeline_tracking,76.05218,-1.49007,0.95286,0.45947,-0.12114,-5.6847,-0.47294,16.50546,48.01731,0.51825,1.00494,0.0467,1.0,38.23025,buoyancy_imbalance
85.6,sim-0004,pipeline_tracking,63.63033,0.04055,0.28676,0.04244,-0.64948,-0.18648,-12.36892,22.95998,46.88049,0.4229,0.26115,0.09089,0.96478,30.03026,thruster_degradation
4.0,sim-0000,pipeline_tracking,27.37748,-0.00102,0.4164,-0.00557,0.60031,-0.69959,-2.87492,20.42575,47.29238,0.42271,0.97056,0.08607,0.95054,30.00032,nominal
82.9,sim-0004,pipeline_tracking,73.19878,0.08947,0.17867,-0.03573,0.4132,1.08874,-1.40902,25.92581,48.26537,0.69818,0.75969,0.04747,0.96224,29.51884,hydrodynamic_drag
28.4,sim-0001,target_waypoint,67.90865,-0.18288,0.48049,0.02014,-1.52175,1.64908,-0.98673,25.52383,47.58548,0.57285,0.70851,0.06629,0.98867,30.52373,hydrodynamic_drag
61.4,sim-0003,target_waypoint,4.91599,-0.07159,0.30069,0.06428,3.67167,-0.94003,3.12079,26.55332,47.47403,0.52751,0.88138,0.04619,0.931,27.68349,hydrodynamic_drag
45.4,sim-0002,pipeline_tracking,67.17762,0.11665,0.25517,0.03817,-5.19578,-0.35472,-1.2714,26.3343,46.63124,0.63094,0.81853,0.03505,0.89458,27.07798,hydrodynamic_drag
34.6,sim-0001,pipeline_tracking,78.64138,0.07706,0.18214,0.03475,0.17855,0.15099,-15.39522,23.31302,47.5427,0.51412,0.58611,0.0104,0.85416,32.26661,thruster_degradation
86.4,sim-0004,station_keeping,7.76936,0.13766,0.47211,-0.0283,-1.39183,0.59073,-1.48661,29.3211,48.01818,0.53008,0.81463,0.01017,0.9003,33.21047,hydrodynamic_drag
45.5,sim-0002,target_waypoint,34.11945,-0.12628,1.14564,0.00102,-0.06167,1.67711,1.31191,14.83186,47.38613,0.47089,0.94871,0.01146,0.98423,31.61004,nominal
87.7,sim-0004,pipeline_tracking,72.02584,2.63163,0.72923,0.54449,-0.28218,-7.19295,2.84423,18.50882,46.25795,0.43843,1.01254,0.03605,0.97499,31.25859,buoyancy_imbalance
16.9,sim-0000,pipeline_tracking,59.67607,-0.10755,0.23659,0.02706,1.93167,0.02109,-3.49955,24.94198,47.58448,0.30029,0.74827,0.07789,0.95986,27.15371,hydrodynamic_drag
9.7,sim-0000,pipeline_tracking,16.78195,1.46246,0.72733,0.55541,0.95474,-16.23826,-2.16594,19.89763,47.8688,0.32301,0.92826,0.04808,0.88864,31.24607,buoyancy_imbalance
20.0,sim-0001,target_waypoint,61.06249,-0.04619,0.79573,-0.00942,1.40477,-1.11222,-0.60869,18.36485,47.31512,0.30847,0.98569,0.08499,0.96468,27.60134,nominal
60.2,sim-0003,target_waypoint,50.42455,1.72167,0.38675,0.31368,1.33358,7.21776,-2.94101,19.64447,47.32164,0.62691,1.04484,0.10414,0.90549,29.65639,buoyancy_imbalance
76.7,sim-0003,target_waypoint,51.8068,2.377,0.59378,-0.29585,-1.59973,-13.35726,0.98458,14.82004,47.7803,0.6781,0.95967,0.00681,0.95258,34.20791,buoyancy_imbalance
51.6,sim-0002,station_keeping,78.45048,0.08572,0.31807,-0.04845,2.52813,-1.30499,11.83199,25.05843,47.23121,0.56704,0.29857,0.07633,0.92178,28.06811,thruster_degradation
42.5,sim-0002,target_waypoint,68.41461,0.00201,0.76885,0.01571,0.83591,1.82199,2.24114,20.08803,48.05382,0.57546,0.94896,0.05955,0.98278,29.02267,nominal
20.1,sim-0001,station_keeping,60.94665,0.30849,0.60608,0.0051,1.47635,0.33812,11.66788,26.07027,48.19335,0.43426,0.34878,0.02134,0.91509,28.26594,thruster_degradation
17.0,sim-0000,target_waypoint,9.85313,-0.06017,0.77961,-0.07579,-2.32727,0.77768,-2.6814,17.74173,47.05156,0.5758,0.97172,0.03864,0.90518,32.10405,nominal
67.4,sim-0003,target_waypoint,42.92622,-0.17509,0.11906,0.12973,0.06736,1.00933,2.38511,22.83366,47.28317,0.4971,0.78565,0.00333,0.93436,36.21883,hydrodynamic_drag
37.5,sim-0001,station_keeping,74.34356,-0.05045,1.0106,-0.05781,-1.32385,-0.08978,1.72659,19.49638,47.22814,0.71766,0.96797,0.08985,1.0,28.05083,nominal
10.4,sim-0000,target_waypoint,60.06887,-0.07131,0.24563,-0.01002,4.98906,-0.59125,2.43857,20.36594,48.4264,0.54028,0.78745,0.02816,0.93949,24.91374,hydrodynamic_drag
47.4,sim-0002,station_keeping,14.77182,0.14283,0.19358,0.00234,2.15416,-2.16238,-1.87834,22.66407,47.21978,0.28912,0.71859,0.05266,0.98957,35.59068,hydrodynamic_drag
44.9,sim-0002,target_waypoint,36.29358,0.06831,0.25653,-0.0236,3.38613,-1.45259,1.19759,30.83557,46.28054,0.52059,0.93059,0.07632,0.89878,31.5754,hydrodynamic_drag
6.9,sim-0000,station_keeping,44.40444,0.07847,0.4126,0.07308,-0.92668,2.43421,-0.69051,27.72288,47.80703,0.5448,0.71959,0.06788,0.94091,29.81445,hydrodynamic_drag
5.4,sim-0000,station_keeping,55.31482,-0.08578,0.26381,-0.04028,-2.15008,-1.26301,1.68969,28.0158,47.4767,0.55161,0.7789,0.09278,0.93701,33.92987,hydrodynamic_drag
82.5,sim-0004,station_keeping,5.61181,-0.01165,0.75923,0.04062,1.63664,-0.08724,-1.31251,18.29849,47.75796,0.28009,0.98255,0.05287,0.96125,35.88428,nominal
74.6,sim-0003,target_waypoint,52.35887,-0.03107,0.49776,-0.02351,2.03205,-1.90125,11.54825,29.4912,47.41314,0.32762,0.43665,0.0147,0.93876,31.63411,thruster_degradation
85.0,sim-0004,pipeline_tracking,40.16791,-0.07549,0.45261,0.01914,-0.40257,0.83915,0.41703,15.5153,48.06967,0.67605,0.98709,0.00138,0.95846,30.263,nominal
89.2,sim-0004,pipeline_tracking,25.82954,2.53342,0.76582,-0.4345,-1.47637,11.94721,0.92096,20.16912,47.9499,0.23226,0.94914,0.05844,0.94697,32.01528,buoyancy_imbalance
42.1,sim-0002,pipeline_tracking,23.40186,-0.07588,0.2229,0.03441,-0.84207,0.30541,13.93817,24.72589,47.29786,0.61869,0.49171,0.03532,0.90878,36.78657,thruster_degradation
98.1,sim-0004,station_keeping,15.99229,0.17527,0.31876,0.03627,-0.96702,0.07748,-5.89313,24.21657,47.49734,0.3092,0.41126,0.07329,0.97618,30.18355,thruster_degradation
44.1,sim-0002,station_keeping,67.79569,0.07,0.37065,-0.0175,1.40306,1.38818,-7.05276,26.24275,47.89849,0.48787,0.34245,0.05798,0.92126,24.81933,thruster_degradation
11.4,sim-0000,station_keeping,66.10047,-0.0966,0.31071,0.09168,-0.85253,-0.13073,-1.3736,24.19343,46.87284,0.41463,0.77131,0.02837,0.91794,27.55452,hydrodynamic_drag
52.8,sim-0002,station_keeping,52.47453,0.11775,0.63423,0.04476,-0.82028,-0.50766,0.35108,18.8236,46.93803,0.31377,0.92494,2.68971,0.70792,30.75549,sensor_drift
77.4,sim-0003,station_keeping,49.80646,0.13399,0.25314,-0.04159,-2.92098,-0.7943,-0.80026,30.67377,47.50321,0.59603,0.79161,0.09707,0.93129,31.12581,hydrodynamic_drag
77.0,sim-0003,target_waypoint,79.60274,0.0443,0.66752,0.04348,0.92851,0.37516,0.64459,17.89885,46.97592,0.67928,0.98277,0.06582,0.94714,35.73334,nominal
3.2,sim-0000,target_waypoint,10.92294,1.68223,0.63276,0.41415,-1.22092,-13.63669,-1.7337,18.84635,47.93099,0.38216,0.98247,0.06786,0.88254,30.4075,buoyancy_imbalance
19.5,sim-0000,station_keeping,15.45626,0.12128,0.76558,-0.00344,-0.54696,-0.0322,1.44917,19.83863,47.47019,0.41741,0.97357,0.05452,0.9501,29.63952,nominal
15.5,sim-0000,target_waypoint,6.74983,0.0622,0.3809,-0.01792,-0.70988,0.02914,4.44964,16.24974,48.34623,0.41641,0.96233,0.04467,0.92834,31.60585,nominal
43.4,sim-0002,target_waypoint,29.34279,0.24375,0.18276,-0.04455,0.44228,-1.51093,1.3413,28.18369,47.02201,0.58982,0.90047,0.06554,0.90027,29.60908,hydrodynamic_drag
92.9,sim-0004,target_waypoint,65.32178,-0.04852,0.30662,0.03769,1.18244,1.0029,1.69232,28.78746,47.46998,0.61487,0.88463,0.06386,0.99117,32.2245,hydrodynamic_drag
61.8,sim-0003,station_keeping,39.413,0.22459,0.70233,-0.0037,-0.76274,-2.62005,-2.81563,18.40685,46.6232,0.50748,1.0032,2.03098,0.82,31.11738,sensor_drift
14.2,sim-0000,pipeline_tracking,59.81849,2.31041,0.61527,-0.29295,2.19186,8.17683,-0.38452,17.11131,48.35369,0.42304,1.06552,0.00348,0.95398,29.84109,buoyancy_imbalance
61.9,sim-0003,pipeline_tracking,61.39793,-0.04535,0.34631,0.01103,-1.52425,-0.72272,1.10651,26.06661,47.54859,0.56939,0.75477,0.0354,0.92277,35.4559,hydrodynamic_drag
2.1,sim-0000,station_keeping,72.35648,-0.00588,0.50046,0.01261,-1.33798,0.56847,12.0616,20.8536,48.26034,0.39612,0.34279,0.08515,1.0,28.86704,thruster_degradation
0.5,sim-0000,target_waypoint,42.75536,0.03136,0.68023,0.04881,1.07203,0.32843,-2.02189,19.98745,47.69052,0.65177,0.96895,0.11836,0.92564,35.77918,nominal
12.5,sim-0000,target_waypoint,14.82834,0.19209,0.6291,-0.12178,-0.01618,1.21392,0.70973,19.06163,47.11271,0.52152,0.8835,0.00194,0.98167,33.35588,nominal
1.9,sim-0000,pipeline_tracking,57.36781,0.07066,0.36125,0.00851,2.09413,0.14662,1.61702,22.41601,47.9342,0.22388,0.76333,0.10067,0.91403,32.44392,hydrodynamic_drag
76.1,sim-0003,target_waypoint,21.73055,0.07968,0.3626,0.01923,-0.05405,-0.17175,12.58028,30.83632,48.06223,0.61489,0.70671,0.04761,0.95587,29.88779,thruster_degradation
78.5,sim-0003,target_waypoint,41.05407,0.00279,0.60133,0.01331,-1.90544,-0.40954,-0.30228,23.01229,47.26879,0.33182,1.00571,0.00209,0.96363,30.82175,nominal
80.7,sim-0004,station_keeping,37.41847,-1.37837,0.5743,0.62947,0.26426,-12.13856,0.98688,20.64808,48.23477,0.50222,0.94784,0.07285,0.93999,30.63342,buoyancy_imbalance
6.7,sim-0000,pipeline_tracking,44.09867,2.29739,0.56417,0.47757,-0.84972,8.71873,-2.77031,16.82166,47.19381,0.59173,0.96813,0.01258,0.92441,31.30221,buoyancy_imbalance
53.3,sim-0002,target_waypoint,20.69749,0.2087,0.76205,-0.01487,-2.81746,-0.15172,2.27854,19.94946,47.36592,0.36917,0.96071,1.06507,0.46555,27.97757,sensor_drift
40.9,sim-0002,pipeline_tracking,32.67256,0.30136,0.48092,-0.00724,-4.53552,-0.29441,1.86232,27.32778,48.05893,0.48098,0.69501,0.0246,0.9413,30.98275,hydrodynamic_drag
98.6,sim-0004,target_waypoint,72.76977,-0.19348,0.21328,0.01849,0.91326,-0.74662,7.11062,23.42053,48.01733,0.56458,0.48818,0.07054,0.92921,33.33072,thruster_degradation
71.2,sim-0003,pipeline_tracking,36.17678,0.98855,0.90605,0.29992,0.61829,-8.50877,-0.95692,16.92736,46.63939,0.64202,0.93277,0.05942,0.98266,30.01303,buoyancy_imbalance
81.4,sim-0004,pipeline_tracking,69.15493,0.08829,0.30627,0.03315,1.81995,-1.13052,2.02004,26.7144,47.63796,0.57969,1.0,0.06611,0.92719,29.82635,hydrodynamic_drag
55.1,sim-0002,target_waypoint,78.16721,0.19713,0.26713,0.05744,1.03206,2.80252,10.16824,25.73521,48.03997,0.33283,0.46118,0.02738,0.98727,30.04941,thruster_degradation
40.1,sim-0002,target_waypoint,16.25223,-0.12382,0.25329,-0.00188,-3.03845,0.82686,2.91625,23.65924,47.31155,0.33495,0.66669,0.05416,0.85586,28.5459,thruster_degradation
36.3,sim-0001,station_keeping,72.5417,0.09801,0.74437,-0.01076,-0.43625,1.80462,-1.12224,18.68038,47.68826,0.44831,0.88902,1.19139,0.35037,37.6033,sensor_drift
73.2,sim-0003,station_keeping,74.93582,-2.81691,0.83074,0.53921,-0.71337,-12.67118,-0.67185,19.42378,47.80001,0.39263,1.051,0.0026,0.95167,27.28403,buoyancy_imbalance
14.6,sim-0000,target_waypoint,23.20257,0.17298,0.25829,0.07021,0.61032,1.0398,-14.95319,26.28014,47.5726,0.68337,0.50925,0.04844,0.91888,31.23246,thruster_degradation
70.3,sim-0003,pipeline_tracking,19.57581,0.10159,0.89799,0.10118,0.26519,0.50054,2.94241,18.19064,47.47769,0.49549,1.03404,1.44934,0.45269,36.5972,sensor_drift
75.0,sim-0003,station_keeping,52.91298,-0.14229,0.71821,-0.04005,-2.2824,-1.48799,3.72655,19.2244,47.46966,0.3721,1.01155,0.04777,0.86198,23.61756,nominal
26.5,sim-0001,pipeline_tracking,8.0097,-0.10402,0.62591,-0.03675,-0.42346,-0.22306,-1.09183,14.49974,45.97127,0.71021,0.95941,0.03646,0.93208,26.20375,nominal
55.0,sim-0002,pipeline_tracking,63.02508,0.16108,0.34628,-0.01815,-0.33221,-0.7605,-2.96907,24.05,47.68009,0.60722,0.92966,0.07586,0.97648,31.17447,nominal
59.9,sim-0002,target_waypoint,50.40448,-0.20662,0.21903,0.0538,5.00519,0.23977,0.28132,24.26713,47.19049,0.18358,0.87467,0.00584,0.91279,28.0004,hydrodynamic_drag
95.4,sim-0004,station_keeping,64.65759,0.06775,0.33488,-0.01988,1.42008,1.03468,-0.89218,24.00722,47.46959,0.563,0.98595,0.02592,0.92431,30.90943,hydrodynamic_drag
16.7,sim-0000,target_waypoint,23.32285,2.69337,0.64344,-0.58426,0.70019,12.64831,2.16803,20.5553,48.34143,0.34812,0.96671,0.05659,0.86361,27.53287,buoyancy_imbalance
47.2,sim-0002,pipeline_tracking,68.63024,2.50306,0.69619,-0.27638,2.10425,-5.49756,-3.58648,17.01392,47.01541,0.28899,0.98355,0.09949,0.99894,35.01354,buoyancy_imbalance
2.2,sim-0000,pipeline_tracking,30.8174,2.0275,0.57547,0.36585,0.63414,15.59473,-2.40886,20.51519,47.79808,0.64136,0.91491,0.08689,0.93088,32.94391,buoyancy_imbalance
58.1,sim-0002,target_waypoint,18.17736,0.17394,0.28164,-0.00205,-0.62557,1.38934,-8.91942,29.23754,48.85846,0.4608,0.57135,0.05683,0.96917,27.96533,thruster_degradation
24.5,sim-0001,target_waypoint,52.97564,-0.01733,0.84356,0.02783,-0.86543,-2.66125,-2.69583,16.79737,47.664,0.70347,0.97817,0.00635,0.85914,30.62637,nominal
69.3,sim-0003,station_keeping,41.69972,0.39818,0.23717,0.03121,-0.07231,-1.42507,0.73703,17.10158,47.10132,0.22107,0.93961,1.32609,0.41294,26.60281,sensor_drift
77.3,sim-0003,target_waypoint,37.24314,-0.38895,0.47308,-0.033,-0.77645,-0.92366,-0.40833,19.88496,47.10676,0.52199,0.92867,1.95409,0.25177,26.72007,sensor_drift
74.5,sim-0003,pipeline_tracking,53.27288,0.1942,0.59621,-0.02544,0.6971,-0.57397,-1.38181,19.08599,47.55516,0.57723,1.00008,0.14118,0.89275,32.30544,nominal
35.3,sim-0001,target_waypoint,51.60515,0.33568,0.69087,0.00078,-2.04988,0.21381,-1.29519,16.66,47.00587,0.47059,1.00203,1.57537,0.46661,31.72674,sensor_drift
64.0,sim-0003,pipeline_tracking,53.75764,0.12172,0.6202,-0.04092,-1.26003,1.07545,2.1275,20.97638,47.49537,0.4422,0.8861,0.03795,0.96703,27.92626,nominal
6.6,sim-0000,station_keeping,37.47763,-0.11773,0.32391,0.07467,0.96051,0.8342,5.45505,27.34005,46.76099,0.49742,0.45157,0.05988,0.93597,30.78222,thruster_degradation
56.7,sim-0002,station_keeping,54.73468,-1.12477,0.93039,0.57675,-0.76717,6.87198,0.99009,21.97861,47.03053,0.4793,1.02543,0.0096,0.9537,27.94298,buoyancy_imbalance
29.2,sim-0001,pipeline_tracking,20.55606,1.92259,0.6237,-0.5867,-0.55977,-6.49532,0.94554,19.41879,48.19514,0.49872,0.94628,0.0479,0.91935,33.12231,buoyancy_imbalance
56.8,sim-0002,pipeline_tracking,41.85878,-0.04335,0.72135,0.08268,0.31439,-0.55866,3.63621,16.40085,47.79903,0.53709,0.95526,1.96418,0.69708,31.19572,sensor_drift
45.7,sim-0002,pipeline_tracking,24.24351,2.40022,0.34698,0.62788,0.94222,9.42185,2.84278,17.09606,47.53566,0.44029,0.98502,0.11016,0.90558,33.55965,buoyancy_imbalance
0.4,sim-0000,pipeline_tracking,20.12153,0.08684,0.47127,-0.0323,9.51301,1.60907,-3.51592,31.36237,47.12079,0.50808,0.87312,0.09492,0.93576,34.96377,hydrodynamic_drag
5.3,sim-0000,target_waypoint,35.64893,0.07069,0.95133,0.03065,-0.80241,-0.9572,-0.01799,20.49299,48.45182,0.82401,0.93854,0.81189,0.28931,32.12695,sensor_drift
66.1,sim-0003,pipeline_tracking,42.33186,0.01178,0.57938,-0.07589,-1.56744,0.07876,-14.06743,25.20229,46.25979,0.32893,0.73046,0.00768,0.96327,25.46251,thruster_degradation
63.4,sim-0003,pipeline_tracking,47.53787,-0.03567,0.41053,0.10285,3.01777,1.81151,0.9276,30.07953,47.9836,0.52003,0.80618,0.07603,0.96724,31.06486,hydrodynamic_drag
98.0,sim-0004,target_waypoint,27.68627,0.0509,0.67663,-0.0272,-0.06357,0.01793,-1.19076,20.62624,47.71055,0.34977,0.94128,0.00281,0.88588,31.59168,nominal
13.8,sim-0000,station_keeping,40.51978,-0.46716,0.55605,0.02517,-0.31223,0.49432,1.4311,19.62712,48.38644,0.27485,0.9222,1.8574,0.64675,31.99801,sensor_drift
50.1,sim-0002,station_keeping,61.76849,0.03344,0.47587,-0.05177,-0.48338,1.28203,-8.74681,25.76283,47.43145,0.6543,0.58183,0.0514,0.92212,30.61364,thruster_degradation
43.9,sim-0002,pipeline_tracking,35.1058,-0.15134,0.32393,-0.02281,1.15274,1.47893,-3.4765,26.94811,47.24651,0.52498,0.77516,0.0602,0.99629,31.71542,hydrodynamic_drag
29.8,sim-0001,pipeline_tracking,53.24228,0.22311,0.69751,0.03813,1.21229,0.06852,-3.64226,18.14383,46.7654,0.36881,0.97846,1.29443,0.82,32.69034,sensor_drift
26.7,sim-0001,station_keeping,63.85768,0.82302,0.46806,0.57949,1.51476,-7.04096,-1.6413,18.94087,47.21139,0.64968,0.9995,0.05452,0.99519,30.6782,buoyancy_imbalance
83.5,sim-0004,pipeline_tracking,46.12435,0.13106,0.69965,-0.0278,0.49214,-1.32694,-1.65187,16.00411,47.6164,0.72086,0.96952,0.06548,0.84264,33.26719,nominal
59.4,sim-0002,station_keeping,11.61233,-0.02102,0.29208,-0.05246,0.74872,1.42748,1.4678,21.54433,48.16697,0.41826,0.76875,0.09649,0.95958,29.47694,hydrodynamic_drag
88.2,sim-0004,station_keeping,50.63275,2.28165,0.38992,0.67292,-0.94282,7.54252,0.70896,17.08799,47.33731,0.31905,1.04361,0.04218,0.92953,35.1697,buoyancy_imbalance
27.2,sim-0001,target_waypoint,68.65104,2.72179,0.87512,-0.45581,-0.12981,11.16771,2.3359,16.06257,47.91793,0.55201,1.01672,0.03819,0.91975,29.47109,buoyancy_imbalance
41.8,sim-0002,pipeline_tracking,22.2614,0.1461,0.70069,-0.04011,1.84591,1.94582,-1.20111,15.26732,46.91996,0.35008,0.93738,2.47254,0.51246,33.54407,sensor_drift
70.6,sim-0003,pipeline_tracking,75.80388,0.09764,0.4974,0.06796,1.09626,-0.51066,7.71447,23.61015,47.28325,0.45139,0.33633,0.0944,1.0,26.10681,thruster_degradation
93.8,sim-0004,target_waypoint,45.08831,0.25602,0.35967,-0.10661,0.15639,-0.35654,-5.69039,13.49164,47.82759,0.40367,0.98421,1.0149,0.38219,30.21424,sensor_drift
11.1,sim-0000,station_keeping,35.06157,-0.01232,0.34934,-0.07613,1.7131,-0.23467,4.24294,29.10029,46.75359,0.67022,0.29646,0.03122,0.91584,26.97131,thruster_degradation
47.8,sim-0002,pipeline_tracking,69.41195,-0.35832,0.57167,0.02192,-0.44432,1.12557,-0.65534,15.96328,48.17954,0.64897,0.96139,0.67042,0.49362,29.44919,sensor_drift
93.6,sim-0004,station_keeping,21.43791,0.04853,0.32513,-0.05127,0.15247,1.09476,-11.20697,24.32859,47.50252,0.43605,0.46557,0.01852,0.91474,28.83572,thruster_degradation
24.4,sim-0001,pipeline_tracking,71.62745,0.01539,0.24272,0.02513,1.83326,-0.49428,1.79793,27.84046,47.13139,0.64869,0.80378,0.0204,0.96143,31.77303,hydrodynamic_drag
75.5,sim-0003,target_waypoint,50.94788,-0.18974,1.03631,-0.01057,0.01719,1.34664,0.55634,20.07291,47.1836,0.42392,0.96605,0.04107,0.87739,33.91795,nominal
30.9,sim-0001,station_keeping,61.06151,0.1306,0.26184,-0.0597,2.29151,1.02422,-0.46167,24.38642,46.7858,0.41832,0.80912,0.04527,0.95532,31.80948,hydrodynamic_drag
6.5,sim-0000,target_waypoint,20.25414,-0.09596,0.72933,-0.04928,1.39846,0.26077,-2.55308,18.62266,47.58364,0.5867,1.01056,0.03718,0.91169,29.18206,nominal
21.5,sim-0001,target_waypoint,73.12506,-0.10992,0.75811,-0.03239,0.59131,-0.46278,0.64216,21.50931,47.52957,0.69371,0.99242,0.11521,0.96191,28.77897,nominal
25.6,sim-0001,pipeline_tracking,37.16777,-0.08223,0.25793,0.06682,0.28495,0.71674,9.73285,28.8574,47.35052,0.74081,0.45123,0.02722,0.96108,31.73026,thruster_degradation
67.8,sim-0003,station_keeping,54.83005,0.05292,0.93294,-0.0139,-0.24848,0.02143,-1.09915,16.70907,47.53532,0.85747,0.95328,1.92155,0.63803,32.68444,sensor_drift
30.3,sim-0001,station_keeping,59.58371,0.00543,0.59682,0.00908,-1.32002,2.22238,1.98309,20.11366,47.79832,0.46142,0.88117,0.76346,0.33124,31.77295,sensor_drift
4.8,sim-0000,station_keeping,68.72841,-0.5816,0.75752,-0.01483,-1.98657,0.22564,-0.38865,20.82448,47.79432,0.905,0.91239,2.52605,0.62793,34.46425,sensor_drift
22.9,sim-0001,pipeline_tracking,43.50378,-0.17158,0.30531,0.00975,5.0516,-0.16138,1.13957,20.12699,47.01038,0.60675,0.83737,0.00918,0.93404,29.71509,hydrodynamic_drag
14.9,sim-0000,target_waypoint,50.12359,-0.05349,0.26943,-0.06778,1.02545,-1.43649,-0.77018,28.48762,46.67151,0.4661,0.7126,0.06125,1.0,26.53485,hydrodynamic_drag
17.5,sim-0000,pipeline_tracking,15.46807,-0.01786,0.57337,-0.04023,-1.89856,-1.72946,1.72953,18.1099,47.67561,0.35082,0.99772,0.10211,0.92693,34.60361,nominal
73.3,sim-0003,pipeline_tracking,50.1723,-0.14112,0.52439,-0.08727,-0.97765,-0.96078,3.80087,17.06922,47.68853,0.40522,1.00868,0.79389,0.38532,35.57535,sensor_drift
27.0,sim-0001,station_keeping,24.72507,0.10548,0.43812,0.00581,-0.17738,1.16859,-2.14285,18.25423,47.98605,0.54344,0.96765,0.02191,1.0,29.11071,nominal
41.9,sim-0002,target_waypoint,73.8777,0.02491,0.17932,0.0136,3.24931,-0.31537,-1.12538,24.42885,47.36351,0.6118,0.71378,0.0831,0.94573,35.03601,hydrodynamic_drag
27.6,sim-0001,station_keeping,16.53611,0.08835,0.50324,0.04561,2.68204,-0.53235,9.99402,29.45366,47.3403,0.39701,0.3329,0.07097,0.9813,30.09383,thruster_degradation
23.1,sim-0001,station_keeping,23.42007,0.14399,0.53054,-0.03733,-0.64011,0.72017,-13.14694,25.29947,46.7518,0.60707,0.43837,0.0537,0.9112,30.22364,thruster_degradation
29.1,sim-0001,station_keeping,19.55609,-0.03813,0.54423,0.01015,0.39325,-0.44713,-8.11231,29.68029,48.08607,0.24845,0.47923,0.11359,0.99438,34.08629,thruster_degradation
87.5,sim-0004,target_waypoint,18.11862,0.00626,1.09294,-0.02993,-1.7987,1.20993,-2.89845,18.754,47.18972,0.64387,0.95396,0.08717,0.90975,33.43731,nominal
79.6,sim-0003,pipeline_tracking,59.27692,-0.15599,0.41015,0.0669,1.38952,-1.0696,4.88678,30.91994,47.41092,0.51666,0.14998,0.00308,0.88373,34.51077,thruster_degradation
86.3,sim-0004,target_waypoint,20.66157,0.02737,0.80842,0.03903,-0.1345,-1.47739,0.50625,20.11317,47.42836,0.53579,1.00548,2.21087,0.70585,29.58849,sensor_drift
81.1,sim-0004,pipeline_tracking,69.25671,-0.04648,0.34776,-0.05259,-1.62493,-0.85855,-6.70261,26.084,47.18735,0.76427,0.42371,0.03991,0.97645,29.47108,thruster_degradation
65.1,sim-0003,station_keeping,21.29055,-0.00601,0.28637,-0.03044,-1.45169,0.33148,-11.13615,25.66412,47.27962,0.41097,0.51278,0.05976,0.95623,34.54803,thruster_degradation
60.9,sim-0003,station_keeping,4.99999,-0.07385,0.29276,0.03443,4.5527,-0.66752,-0.24791,21.53067,47.62431,0.15516,0.86485,0.03122,0.95573,34.84349,hydrodynamic_drag
78.6,sim-0003,station_keeping,73.60569,0.06608,0.37637,0.02448,-0.27658,0.21622,-9.00681,28.1571,47.72177,0.65077,0.47064,0.08239,0.96917,34.07738,thruster_degradation
78.7,sim-0003,pipeline_tracking,43.01255,2.33004,0.83513,0.48853,2.71101,10.94531,-0.81589,18.03677,46.46273,0.55534,0.89755,0.01534,0.999,24.95753,buoyancy_imbalance
82.4,sim-0004,target_waypoint,67.98278,-0.01278,0.25134,-0.02867,1.50903,0.56589,2.2445,28.71455,47.85911,0.42862,0.91194,0.06434,0.91268,33.57705,hydrodynamic_drag
80.4,sim-0004,station_keeping,76.66757,0.19507,0.5535,0.03109,1.08572,-0.9508,1.46891,30.06308,47.1921,0.62062,0.79824,0.01277,0.89428,30.76738,hydrodynamic_drag
69.8,sim-0003,target_waypoint,71.82338,0.31763,0.56228,0.09637,-1.12655,1.41769,1.89968,16.87615,47.33767,0.5543,0.98345,2.06575,0.64908,29.27565,sensor_drift
22.6,sim-0001,pipeline_tracking,5.89866,0.19276,0.47636,0.01573,0.89599,1.43425,-4.42142,28.99288,47.86289,0.51724,0.68588,0.12982,0.8982,28.7418,thruster_degradation
83.9,sim-0004,target_waypoint,63.88303,-0.05506,0.40075,-0.04248,-2.01008,-0.20826,1.43548,30.1918,47.40336,0.27368,0.64505,0.05566,0.96085,25.22547,hydrodynamic_drag
85.5,sim-0004,station_keeping,53.93079,-0.0209,0.63732,0.01543,-0.89203,1.10306,0.03549,15.28613,47.90531,0.7799,0.96129,0.01584,0.92274,36.32537,nominal
97.7,sim-0004,target_waypoint,55.07418,-1.73845,0.92572,-0.17916,1.62201,14.64948,0.78042,16.68147,47.50067,0.46449,0.99031,0.10041,0.96837,34.77082,buoyancy_imbalance
30.5,sim-0001,target_waypoint,79.32846,0.06073,0.41518,-0.00428,0.48474,-2.34197,-0.1373,17.79576,47.76256,0.42652,1.03783,0.06696,0.94173,32.83181,nominal
25.3,sim-0001,pipeline_tracking,55.8889,0.09929,0.79705,-0.00909,-0.25556,1.34472,-0.92964,17.93468,48.21313,0.57267,1.0394,1.3477,0.64602,34.22215,sensor_drift
72.5,sim-0003,target_waypoint,49.06097,0.08325,0.50077,-0.0183,-0.02328,0.92573,-0.25242,20.0765,47.04654,0.5068,0.98672,0.05166,0.91424,33.92746,nominal
55.2,sim-0002,station_keeping,23.32849,-1.66629,0.73643,-0.36536,-0.67796,10.06651,2.55108,20.73521,46.68988,0.37901,0.96032,0.06387,1.0,31.35951,buoyancy_imbalance
28.8,sim-0001,station_keeping,8.34478,0.08709,0.61934,-0.02497,-1.3746,1.56412,0.30802,15.59375,48.4698,0.4947,0.95758,1.79869,0.62791,29.45395,sensor_drift
62.5,sim-0003,pipeline_tracking,18.10965,0.08053,0.49973,-0.00421,-0.68519,-1.95036,-1.17833,19.29553,47.50915,0.62316,0.99597,0.03097,0.95708,28.12901,nominal
40.2,sim-0002,station_keeping,16.74561,1.09446,0.26801,0.32073,-0.45465,-8.86823,0.28352,16.82237,47.36647,0.4564,1.02778,0.00474,0.95587,36.41866,buoyancy_imbalance
34.3,sim-0001,pipeline_tracking,49.74219,0.23624,0.78782,-0.03511,2.11951,0.29443,-1.51423,17.32958,47.05066,0.35271,0.96301,1.53579,0.7866,29.97795,sensor_drift
53.7,sim-0002,station_keeping,56.68588,-1.7503,0.95828,0.37408,-0.74354,10.53173,-1.83675,15.35192,46.65871,0.58158,0.97358,0.06058,0.92763,31.03539,buoyancy_imbalance
29.6,sim-0001,target_waypoint,11.78463,-0.03822,0.55453,-0.0732,-0.79727,1.54381,10.75489,25.10972,47.08061,0.5644,0.35135,0.01963,0.97883,30.51787,thruster_degradation
76.0,sim-0003,pipeline_tracking,72.94608,0.04324,0.58557,0.03072,1.32749,-0.66652,-1.86874,20.12637,47.48943,0.47575,0.98297,0.05558,0.91518,27.71432,nominal
78.8,sim-0003,target_waypoint,54.91718,0.16804,0.44345,-0.0335,-1.98184,0.15922,-1.47683,18.93109,47.01042,0.43386,1.0522,1.92214,0.47681,31.97204,sensor_drift
95.7,sim-0004,station_keeping,70.61467,-0.68172,0.6383,0.23802,-1.73618,15.5886,2.05577,16.61256,47.70685,0.57244,0.95546,0.05446,0.95551,30.95384,buoyancy_imbalance
30.6,sim-0001,station_keeping,15.62925,0.14295,0.18037,0.02689,-0.13169,1.85945,7.96533,29.53604,47.79649,0.3822,0.1,0.05991,0.96118,30.3,thruster_degradation
62.0,sim-0003,target_waypoint,52.61772,-0.16105,0.72904,0.00605,-0.28595,0.60124,-1.70112,16.52957,47.41877,0.44176,0.93914,0.07331,0.87381,32.22931,nominal
21.1,sim-0001,pipeline_tracking,51.40958,-0.11828,0.49109,-0.03176,0.37637,-1.46938,11.06077,31.59257,46.26169,0.4242,0.38098,0.04206,0.96699,34.16229,thruster_degradation
42.3,sim-0002,station_keeping,47.09113,0.06776,0.78044,-0.01004,0.49728,1.87735,-3.08575,13.05759,47.52873,0.34153,0.92881,2.4015,0.51715,25.90667,sensor_drift
69.0,sim-0003,station_keeping,18.66691,0.05674,0.85031,-0.04757,0.92635,0.9708,-1.13954,17.71665,48.3903,0.31467,1.0175,0.01973,0.95593,32.95828,nominal
16.4,sim-0000,target_waypoint,5.4787,-0.00558,0.26402,0.04788,-1.57636,0.26641,-1.4388,27.04512,47.32733,0.58011,0.74595,0.05769,1.0,32.00208,hydrodynamic_drag
54.1,sim-0002,pipeline_tracking,27.13611,0.01006,0.3897,0.06842,0.30318,-1.13259,-11.6434,23.59846,47.28124,0.44457,0.62656,0.06796,0.8727,28.05208,thruster_degradation
96.4,sim-0004,pipeline_tracking,25.07288,0.04367,0.31106,0.01317,-0.62269,-0.76516,-1.32307,29.26112,47.58673,0.56557,0.69599,0.00808,0.90516,30.31435,hydrodynamic_drag
96.2,sim-0004,target_waypoint,73.68856,1.86602,0.73491,0.32725,0.28652,-16.99406,-0.1288,21.7356,47.70304,0.36641,1.00187,0.03206,1.0,33.21471,buoyancy_imbalance
91.8,sim-0004,station_keeping,11.22283,0.26854,0.58956,0.05185,2.11451,-0.73383,-2.37599,18.76704,46.84606,0.21139,1.00503,2.09109,0.75045,25.40238,sensor_drift
37.6,sim-0001,pipeline_tracking,7.8655,-0.17939,0.357,0.02615,0.90814,0.20817,-7.41872,27.66857,48.64406,0.47034,0.22885,0.05833,0.92826,27.65681,thruster_degradation
18.3,sim-0000,station_keeping,42.97876,-0.03062,0.29639,-0.02108,-1.23885,0.49874,0.91137,18.49197,47.16214,0.21958,0.91727,2.48091,0.82,29.98762,sensor_drift
0.8,sim-0000,target_waypoint,39.78676,-0.3347,0.60651,0.03283,-0.90431,0.35517,2.41859,17.81457,47.16756,0.30718,1.07578,1.1331,0.46992,29.48562,sensor_drift
47.7,sim-0002,station_keeping,32.71195,1.13767,0.57795,0.50431,0.58313,12.37456,1.94246,18.13259,47.97841,0.45338,1.03305,0.09891,0.96905,35.3254,buoyancy_imbalance
37.9,sim-0001,pipeline_tracking,46.95602,-0.30002,0.40764,0.0138,3.79845,-0.83221,0.71986,23.82322,47.96783,0.43916,0.89236,0.06301,1.0,29.6909,hydrodynamic_drag
81.3,sim-0004,station_keeping,4.24478,-0.15699,0.62931,0.02157,-1.99535,0.57793,2.32746,19.41047,47.62546,0.43434,0.95016,2.6081,0.61585,27.68995,sensor_drift
21.0,sim-0001,station_keeping,77.14246,-0.00566,0.55965,0.03523,0.24519,-0.06352,1.18003,18.13281,47.45619,0.15768,0.98731,0.1279,0.96282,26.75751,nominal
86.7,sim-0004,station_keeping,55.88857,-1.5257,0.40386,-0.3947,-2.24964,-5.26838,1.67303,19.70645,48.42086,0.58413,0.89486,0.05167,0.86785,30.37586,buoyancy_imbalance
22.8,sim-0001,station_keeping,69.28265,-0.04632,0.64486,0.01195,0.43601,-1.63843,0.41723,21.73553,47.71251,0.41001,0.96963,2.57848,0.27573,26.52296,sensor_drift
38.9,sim-0001,target_waypoint,58.24409,-0.11104,0.1071,0.01835,-0.00301,-1.17673,-4.12618,29.75727,47.22826,0.37174,0.77093,0.06611,0.95431,32.73993,hydrodynamic_drag
71.5,sim-0003,pipeline_tracking,64.92476,0.06117,0.77743,0.00199,1.96464,0.10978,-2.30249,15.12728,46.9574,0.28672,0.9606,0.06543,0.94398,31.57301,nominal
72.0,sim-0003,station_keeping,43.27843,0.2583,0.60608,0.03899,0.15426,0.86667,2.50969,17.47404,47.12802,0.60701,0.96923,0.03368,1.0,28.56397,nominal
11.2,sim-0000,pipeline_tracking,61.30436,1.98714,0.65256,-0.23015,0.99991,-8.26285,-1.15961,15.55383,46.58765,0.42804,0.9705,0.08226,0.92489,37.97111,buoyancy_imbalance
8.0,sim-0000,target_waypoint,51.54449,0.21089,0.78175,-0.05577,0.0016,-1.06054,-1.92922,17.64154,47.09318,0.6106,0.97032,0.02964,0.92893,29.20448,nominal
45.1,sim-0002,pipeline_tracking,58.34259,0.01297,0.60962,0.09442,2.38594,0.06269,-8.70171,27.96589,47.07203,0.56193,0.52982,0.08542,0.9144,32.71343,thruster_degradation
61.0,sim-0003,pipeline_tracking,13.45854,-0.17097,0.6138,-0.04369,1.05419,0.98912,-2.16997,21.51836,47.32999,0.25108,0.91898,0.05065,0.94283,31.23868,nominal
97.8,sim-0004,station_keeping,55.94969,-0.21636,0.57316,0.0076,-1.40474,0.27746,1.87099,17.13737,47.43597,0.37699,0.95399,0.85252,0.53186,26.39948,sensor_drift
63.8,sim-0003,target_waypoint,21.3215,0.73029,0.63843,0.01149,0.63661,0.33628,-3.2084,16.16675,47.79827,0.48117,0.93357,2.55223,0.54444,30.07477,sensor_drift
84.0,sim-0004,station_keeping,5.7181,0.00871,0.73547,0.00374,1.85276,-2.24493,-0.44277,17.4371,48.29374,0.60774,1.00588,0.03294,0.8834,29.67136,nominal
76.2,sim-0003,station_keeping,22.63905,2.36574,0.75699,-0.27578,-1.65709,13.67618,2.67665,19.4063,47.67572,0.41886,0.97263,0.0102,0.9555,30.9259,buoyancy_imbalance
3.8,sim-0000,target_waypoint,37.63789,-0.0089,0.22931,-0.02138,1.57147,-1.52075,-2.08691,19.42089,47.38964,0.52989,1.01991,1.61858,0.48599,31.19563,sensor_drift
99.6,sim-0004,station_keeping,59.45135,-0.02025,0.16682,0.03297,-0.98394,-0.36814,-8.54053,34.03531,47.05189,0.28783,0.459,0.11567,0.89558,30.88511,thruster_degradation
48.1,sim-0002,pipeline_tracking,41.30424,-0.1524,0.6644,-0.08176,-1.27053,0.65762,6.92288,26.21688,45.74826,0.4336,0.66234,0.01498,0.89412,33.32375,thruster_degradation
77.8,sim-0003,pipeline_tracking,9.12637,-0.72924,0.50896,0.0115,-1.4508,0.27667,-2.49736,17.06114,47.7303,0.39197,0.96528,2.39861,0.60655,32.12873,sensor_drift
79.0,sim-0003,pipeline_tracking,8.94189,-0.09847,0.99757,-0.076,0.86766,0.77036,1.8651,23.08655,47.72501,0.5556,0.98736,0.07953,0.90795,34.86086,nominal
36.1,sim-0001,pipeline_tracking,15.48702,0.0511,0.31324,-0.03493,-0.96576,0.41512,9.52994,23.83226,47.64834,0.61828,0.42701,0.00487,0.9378,35.06468,thruster_degradation
90.4,sim-0004,pipeline_tracking,57.91903,-0.06618,0.30204,0.03327,-8.32413,1.17195,1.70826,22.16307,46.39218,0.48704,0.69503,0.02416,0.96687,29.39648,hydrodynamic_drag
41.6,sim-0002,target_waypoint,36.45567,-0.00503,0.29316,-0.05774,0.64362,-0.84214,7.89349,25.39427,47.93605,0.59716,0.75845,0.05117,1.0,32.29328,thruster_degradation
2.3,sim-0000,target_waypoint,76.23056,-0.71667,0.38704,-0.014,1.73217,-0.38904,-0.60324,19.53713,47.39132,0.38596,1.02892,2.30225,0.45507,35.10307,sensor_drift
3.3,sim-0000,station_keeping,10.79268,0.2063,0.55888,-0.06027,0.36234,-0.20984,0.33263,18.82601,47.24484,0.53902,1.03082,0.67182,0.34201,30.27159,sensor_drift
33.8,sim-0001,target_waypoint,58.25823,-0.15501,0.72809,0.04127,0.08446,-0.46518,2.02917,16.57782,47.36959,0.6554,0.93269,2.58011,0.72888,33.49586,sensor_drift
26.3,sim-0001,target_waypoint,39.10678,0.11867,0.76737,0.02624,-0.58166,-0.03978,1.68892,15.42083,47.22197,0.4914,0.98374,2.16112,0.50837,24.59311,sensor_drift
3.4,sim-0000,pipeline_tracking,58.7094,-0.01628,0.16746,0.00544,-3.31835,-1.61015,-3.54342,26.41057,47.79513,0.53469,0.81817,0.02205,0.90053,29.33452,hydrodynamic_drag
82.8,sim-0004,station_keeping,24.12394,0.34656,0.9353,0.00124,-0.23912,-0.96647,1.08265,13.08771,47.24715,0.52893,0.95773,2.69156,0.75716,31.59129,sensor_drift
35.5,sim-0001,pipeline_tracking,40.25621,0.08697,0.48039,-0.0408,0.88429,1.63462,-0.50427,14.34712,48.60191,0.46566,0.97756,0.114,0.96131,28.1254,nominal
77.7,sim-0003,station_keeping,17.24854,-0.88899,0.55843,0.61945,2.22134,-11.03546,-1.89035,16.02397,47.70927,0.20233,1.00854,0.00727,0.92927,34.28459,buoyancy_imbalance
69.6,sim-0003,station_keeping,21.3361,0.11144,0.41497,-0.00574,-1.07049,1.69339,12.33271,26.01129,46.38641,0.23448,0.46764,0.06228,0.99045,37.73224,thruster_degradation
42.9,sim-0002,station_keeping,23.53681,0.19258,0.32505,0.03813,0.43914,1.39371,0.07202,25.2709,47.04855,0.47024,0.76131,0.06126,0.90841,33.60312,hydrodynamic_drag
87.0,sim-0004,station_keeping,6.85656,-0.01534,0.69131,-0.05746,-1.19118,-0.78537,-2.13041,20.93444,47.39441,0.42004,0.93114,0.0452,0.96038,33.01425,nominal
60.7,sim-0003,pipeline_tracking,34.41389,-2.68254,0.53848,0.52075,-0.6486,-8.94931,-1.44538,16.59651,47.33796,0.41737,0.94658,0.04655,0.89223,27.88128,buoyancy_imbalance
46.0,sim-0002,pipeline_tracking,21.55464,-0.19581,0.67863,0.01136,-1.06844,2.65222,-1.77962,14.81198,47.60953,0.4599,0.9547,0.01414,0.9762,29.56504,nominal
45.8,sim-0002,target_waypoint,56.0721,0.25074,0.78061,0.00278,1.13369,-1.32436,1.63629,22.41634,47.343,0.48381,0.96742,0.70521,0.12788,34.49173,sensor_drift
58.6,sim-0002,pipeline_tracking,21.61169,0.10511,0.33901,-0.03167,1.65745,-3.11516,12.03255,26.29813,48.13031,0.36685,0.57827,0.00877,0.95039,28.37039,thruster_degradation
30.4,sim-0001,pipeline_tracking,39.80742,0.17339,0.22253,-0.00403,0.72582,-1.24806,3.46918,22.40354,47.4673,0.51641,0.83268,0.02287,0.93257,27.17645,hydrodynamic_drag
77.5,sim-0003,pipeline_tracking,64.72307,-0.08458,0.75649,-0.03834,0.94839,-0.42458,-4.3233,19.42808,47.70444,0.49797,1.00315,0.08993,0.93917,33.88051,nominal
70.4,sim-0003,target_waypoint,14.73595,-0.03093,0.31392,0.06685,7.28039,-0.85,-3.60738,23.61161,47.26239,0.41247,0.78979,0.01052,0.93133,35.54692,hydrodynamic_drag
71.1,sim-0003,station_keeping,50.37639,-0.18186,0.24963,0.1106,-2.58622,0.75164,-3.96508,25.40575,47.32182,0.5402,0.57183,0.03356,1.0,28.70511,thruster_degradation
65.8,sim-0003,pipeline_tracking,24.81573,-0.16378,0.94856,0.01852,0.41398,-0.00116,-1.77171,18.35911,46.98974,0.52626,0.9863,1.88138,0.55091,32.915,sensor_drift
64.2,sim-0003,station_keeping,36.68439,-2.21427,0.57109,-0.26752,0.03817,15.41838,-2.78045,18.75655,47.81567,0.22799,1.02317,0.00515,0.94207,35.79806,buoyancy_imbalance
31.3,sim-0001,pipeline_tracking,5.47811,0.05199,0.65378,0.0125,0.00182,-0.53153,0.72835,16.94592,47.93686,0.69949,0.97128,2.39639,0.64485,27.0161,sensor_drift
88.8,sim-0004,station_keeping,28.33748,-0.04704,0.47903,-0.03596,-0.99249,-1.73207,2.74834,19.82455,47.34223,0.35694,0.94161,1.84067,0.591,24.83874,sensor_drift
47.5,sim-0002,pipeline_tracking,25.06563,-0.01645,0.46314,-0.03327,-0.28736,-0.42206,-0.96524,12.90604,47.82794,0.33199,0.89562,0.06469,0.96115,29.36816,nominal
57.4,sim-0002,pipeline_tracking,72.00939,-0.21126,0.49837,-0.03778,-0.26822,1.08509,-3.8237,24.05717,47.53847,0.77578,0.78778,0.08968,0.96925,32.6879,hydrodynamic_drag
65.7,sim-0003,station_keeping,51.87166,0.93742,0.51605,0.34067,0.63344,-12.0764,-0.80901,12.83415,46.47185,0.28975,1.02763,0.02995,0.86186,35.84459,buoyancy_imbalance
14.3,sim-0000,target_waypoint,47.82345,-0.06089,0.83488,-0.06089,0.50521,0.387,-0.60474,16.232,47.46045,0.60376,0.95692,2.22536,0.48482,36.17439,sensor_drift
93.9,sim-0004,station_keeping,45.16789,0.2118,0.21245,-0.07646,7.20492,-0.67176,2.49471,27.50653,47.559,0.43043,0.62527,0.03758,0.95422,28.96062,hydrodynamic_drag
5.1,sim-0000,station_keeping,33.17061,-0.06607,0.38786,0.00349,-1.41187,-0.68533,13.65295,26.88934,48.22565,0.45166,0.64917,0.09468,0.91406,26.44071,thruster_degradation
0.7,sim-0000,pipeline_tracking,18.63635,2.35862,1.03978,-0.28614,1.41403,-8.07881,-0.97171,18.07665,46.55314,0.78853,0.97904,0.02573,0.94297,34.87706,buoyancy_imbalance
49.1,sim-0002,target_waypoint,76.11833,0.04539,0.40824,0.02898,0.16328,0.11382,-14.43759,24.67325,47.09842,0.68089,0.42764,0.09651,0.90208,30.47846,thruster_degradation
29.0,sim-0001,target_waypoint,10.8231,-0.21482,0.63786,0.02153,-0.39035,-0.73994,1.94014,19.33159,47.19307,0.36799,1.02302,0.13105,1.0,21.63521,nominal
46.7,sim-0002,target_waypoint,68.3234,2.38248,0.74034,0.24798,1.18668,-14.33631,-2.00143,19.16678,47.21143,0.59373,1.02073,0.07459,0.9217,37.65456,buoyancy_imbalance
57.6,sim-0002,station_keeping,24.57314,0.03045,0.36538,-0.02003,0.41104,-0.09162,-11.98811,21.53589,47.98759,0.49624,0.29291,0.0586,0.89734,34.02981,thruster_degradation
28.9,sim-0001,pipeline_tracking,18.38222,0.14142,0.41165,0.05265,-0.37938,2.21306,-0.39744,22.35445,48.37521,0.62869,0.87228,0.09754,0.92415,34.46276,hydrodynamic_drag
83.0,sim-0004,target_waypoint,29.28708,0.04932,0.73517,-0.0788,1.02587,0.59942,3.4631,18.57647,48.19891,0.28521,0.96448,0.10038,0.96773,26.3017,nominal
99.3,sim-0004,station_keeping,65.82064,-0.10157,0.81689,0.04941,1.64663,-0.81148,1.41836,17.23058,48.01511,0.72041,1.02156,2.32038,0.61143,30.63634,sensor_drift
79.2,sim-0003,station_keeping,1.71821,-2.44042,0.69235,-0.62328,1.14113,-14.0127,-1.47299,14.21261,47.09352,0.62252,1.0416,0.06859,0.93456,31.74061,buoyancy_imbalance
35.7,sim-0001,station_keeping,37.3437,1.23575,0.46258,0.43183,1.34051,9.80613,1.72782,18.26729,47.10125,0.42716,1.00312,0.07335,0.93014,29.10186,buoyancy_imbalance
2.4,sim-0000,station_keeping,47.82015,0.06916,0.32152,-0.04342,-1.30408,0.39978,-1.61399,21.49179,48.1657,0.25595,0.85534,0.02579,0.96058,26.63594,hydrodynamic_drag
65.6,sim-0003,target_waypoint,4.35229,-0.07882,0.44801,-0.00559,-1.45266,0.93748,-10.7679,27.93158,47.36004,0.73567,0.61578,0.09925,0.93718,36.6677,thruster_degradation
7.0,sim-0000,pipeline_tracking,47.93554,-0.10404,0.31213,-0.08226,-2.75557,-1.41737,4.76821,17.04393,47.99243,0.28597,0.97959,0.06344,0.88873,30.29604,nominal
60.0,sim-0003,station_keeping,69.36687,0.02793,0.97086,0.03419,-0.57332,0.41825,3.17618,18.55451,47.45012,0.80981,0.98043,0.07819,0.9642,29.25488,nominal
90.3,sim-0004,station_keeping,8.45967,-0.21574,0.19475,-0.08132,1.00019,0.85519,0.20176,19.25283,47.79009,0.30312,0.90906,2.12156,0.22544,34.69592,sensor_drift
93.3,sim-0004,station_keeping,76.37069,-0.83852,0.46835,0.05088,-1.25259,-1.19912,0.33009,18.26279,46.81338,0.4295,0.98043,2.74069,0.58207,33.34406,sensor_drift
75.6,sim-0003,station_keeping,60.86599,-0.06198,0.40875,0.12922,1.00942,0.22126,12.87891,22.75866,47.60725,0.62079,0.60954,0.05119,0.98534,27.0299,thruster_degradation
85.3,sim-0004,pipeline_tracking,64.20961,-0.00508,0.3011,0.01665,-0.36483,1.15704,-3.07328,18.64621,48.35831,0.50438,0.9334,0.69937,0.56474,34.94047,sensor_drift
89.0,sim-0004,target_waypoint,47.67391,-0.15134,0.54857,-0.00526,-2.47475,1.87336,-0.89983,18.98337,46.80328,0.30778,0.94447,0.05381,0.99041,31.15394,nominal
23.8,sim-0001,pipeline_tracking,18.66807,-0.50659,0.28603,0.00813,0.77825,0.00319,2.7769,18.58198,47.69727,0.66426,0.94475,0.74087,0.25612,31.33485,sensor_drift
18.6,sim-0000,station_keeping,72.92694,0.00166,0.25825,0.04148,-3.37134,-1.93771,6.61741,26.41485,47.32631,0.27244,0.45539,0.01962,0.9751,29.97042,thruster_degradation
34.2,sim-0001,station_keeping,57.91326,-1.79149,0.78869,0.45157,-0.58769,-13.97798,-2.98319,18.81964,47.39703,0.51604,0.93799,0.08812,0.95214,30.73638,buoyancy_imbalance
59.2,sim-0002,pipeline_tracking,70.95737,-1.63577,0.86717,0.60075,0.04205,10.8003,0.22648,17.56327,47.84604,0.79952,0.91878,0.02544,0.86522,30.25944,buoyancy_imbalance
52.4,sim-0002,target_waypoint,29.66852,0.1457,0.31546,-0.02226,1.92688,1.08905,1.11638,30.44368,47.33975,0.68058,0.94992,0.00505,0.91204,24.24534,hydrodynamic_drag
3.1,sim-0000,pipeline_tracking,5.93894,-0.01262,0.30896,0.06262,1.16488,-0.31339,10.7803,28.40743,47.24394,0.29685,0.75051,0.08598,0.97193,27.71699,thruster_degradation
19.2,sim-0000,station_keeping,58.29632,-0.96851,0.84893,-0.44726,-0.61723,-10.5578,-1.93957,20.37177,48.49466,0.54661,0.96843,0.09327,1.0,33.91798,buoyancy_imbalance
81.0,sim-0004,station_keeping,49.88873,0.06784,0.51281,0.02913,0.52912,-1.26271,3.62136,18.62443,47.81494,0.51162,0.94586,0.03886,1.0,27.43934,nominal
33.6,sim-0001,station_keeping,26.45426,-0.00806,0.67191,-0.07233,0.10047,-3.84132,-10.80238,19.77961,47.34809,0.16641,0.45167,0.0645,0.92866,31.11299,thruster_degradation
39.1,sim-0001,pipeline_tracking,29.66309,-0.00476,0.56969,0.02118,-1.28148,-0.52592,17.16714,23.24985,47.60411,0.24172,0.43166,0.02387,0.98923,26.14074,thruster_degradation
86.9,sim-0004,target_waypoint,9.29957,-0.22968,0.17936,-0.0172,4.2481,0.79305,-0.47088,25.93227,46.7753,0.35009,0.91196,0.08686,0.91442,29.43372,hydrodynamic_drag
73.0,sim-0003,pipeline_tracking,41.91952,0.12301,0.93406,0.02203,-0.76917,0.60412,2.54052,15.64877,47.5029,0.57643,0.93751,0.0335,0.90776,36.83189,nominal
94.2,sim-0004,station_keeping,22.88947,2.36383,0.58574,0.54112,1.81836,16.06017,0.12749,14.05264,47.32016,0.38906,0.95372,0.03883,0.8945,31.95681,buoyancy_imbalance
11.8,sim-0000,pipeline_tracking,41.90414,0.11107,0.94491,-0.08453,0.4375,0.99162,-0.98681,15.57476,47.83099,0.49412,0.98934,0.97768,0.39072,28.25848,sensor_drift
20.7,sim-0001,station_keeping,73.25176,1.31794,0.28949,-0.60043,-0.16997,-9.49668,1.53632,19.33605,47.66129,0.49564,0.96346,0.11107,1.0,30.53007,buoyancy_imbalance
31.6,sim-0001,pipeline_tracking,22.18873,0.06386,0.30829,0.05136,-0.8767,-1.10718,-8.10245,26.30671,47.58898,0.47469,0.52516,0.0769,0.93261,27.99106,thruster_degradation
69.5,sim-0003,target_waypoint,75.64548,-0.2617,0.45307,-0.035,0.79775,-0.21648,-1.0308,17.45363,47.687,0.34533,1.01332,0.07986,0.90757,32.21467,nominal
82.7,sim-0004,target_waypoint,38.13942,1.10842,0.61626,-0.65584,-0.42918,6.94295,1.83375,16.1951,48.04366,0.37073,1.01513,0.03898,0.91882,33.88751,buoyancy_imbalance
21.2,sim-0001,target_waypoint,19.09354,-1.5083,0.65369,0.32866,2.23518,6.19974,0.26411,17.9654,47.23517,0.34722,1.00984,0.02274,0.86682,25.77226,buoyancy_imbalance
65.2,sim-0003,pipeline_tracking,36.29385,-1.34693,0.50008,0.28675,-1.33267,10.74889,1.52138,17.91831,47.16837,0.54127,0.94877,0.02707,0.9075,31.25702,buoyancy_imbalance
24.2,sim-0001,target_waypoint,7.34553,2.60511,0.56479,-0.55849,1.3269,-11.55109,-1.70262,17.59392,47.12122,0.48894,0.9769,0.0415,0.95942,32.04376,buoyancy_imbalance
96.5,sim-0004,target_waypoint,59.44536,-0.08175,0.4394,0.01585,-0.352,0.47734,0.45933,18.94667,46.32857,0.81948,1.02749,0.08101,0.94427,29.00303,nominal
43.0,sim-0002,pipeline_tracking,9.84916,0.08164,0.56275,-0.0566,-0.01674,0.85123,0.75871,18.15409,47.74877,0.36765,1.00385,0.02364,0.99186,30.99926,nominal
55.7,sim-0002,target_waypoint,46.52844,-1.57606,0.47484,-0.19868,1.98981,-15.66675,3.64619,19.40244,48.02342,0.62829,0.91222,0.06375,0.86402,30.35241,buoyancy_imbalance
48.6,sim-0002,station_keeping,71.13884,-0.01295,0.30896,-0.02108,-0.13984,0.62748,7.93896,29.39308,48.22613,0.52092,0.32827,0.02173,0.96,30.83848,thruster_degradation
63.6,sim-0003,station_keeping,30.08766,0.0234,0.35409,0.07581,1.36317,1.92103,5.2709,23.68221,47.73949,0.602,0.10474,0.07947,0.92541,30.47408,thruster_degradation
54.7,sim-0002,pipeline_tracking,69.58566,-1.25844,0.63601,-0.26286,0.2469,13.91738,-0.63697,20.87923,47.47751,0.41803,0.91566,0.04889,0.90622,31.37263,buoyancy_imbalance
54.3,sim-0002,station_keeping,39.00969,-0.56974,0.78761,-0.04442,1.85497,0.10499,-2.39595,15.94985,48.60793,0.42734,0.92064,1.47899,0.77264,35.57668,sensor_drift
84.6,sim-0004,station_keeping,16.84302,-0.12263,0.40222,-0.10571,-1.11719,-0.88435,12.63599,27.33199,47.23453,0.60534,0.43708,0.09466,0.91346,25.42499,thruster_degradation
34.7,sim-0001,target_waypoint,17.78013,-1.83036,0.74358,-0.27935,-0.31179,-15.22208,2.70271,13.67593,47.93859,0.43907,0.99198,0.0849,0.936,28.78795,buoyancy_imbalance
47.1,sim-0002,station_keeping,42.75296,0.01208,0.4509,0.00846,-0.86153,-0.42293,-8.64787,25.45074,47.74137,0.62623,0.74221,0.02057,0.92351,30.40429,thruster_degradation
2.8,sim-0000,pipeline_tracking,5.93765,-0.26824,0.88263,-0.02229,0.40768,-0.61397,0.21265,17.63004,47.41877,0.33807,0.99787,0.75811,0.63085,33.19701,sensor_drift
87.1,sim-0004,pipeline_tracking,59.81896,-0.07332,0.22986,-0.00486,-0.58954,-0.78284,-12.25173,27.03638,46.62011,0.54676,0.59907,0.02193,0.90493,32.01459,thruster_degradation
70.5,sim-0003,station_keeping,65.90904,-0.16203,0.66803,-0.03161,-0.85951,-0.43612,-2.05954,17.18736,47.19663,0.43503,0.95682,0.08312,0.9133,32.08632,nominal
44.8,sim-0002,pipeline_tracking,18.03864,0.08919,0.6021,-0.11138,0.15612,3.53151,1.99895,19.05501,47.40205,0.5615,1.00918,1.65421,0.47115,27.8412,sensor_drift
13.5,sim-0000,station_keeping,64.98211,0.1783,0.52399,-0.05673,-0.15254,-0.61637,1.84142,14.1779,47.71112,0.41835,0.95364,0.03068,0.90648,30.50797,nominal
71.9,sim-0003,target_waypoint,73.54721,-0.12685,0.63945,0.06757,2.48634,-0.19575,-1.10601,25.17547,47.73339,0.24278,0.77956,0.12939,0.88425,31.13799,hydrodynamic_drag
61.6,sim-0003,pipeline_tracking,69.09861,-0.10105,0.39516,0.08674,-1.10203,-1.6239,-7.06685,29.18269,48.36251,0.30376,0.67137,0.13958,0.93335,28.17849,thruster_degradation
8.1,sim-0000,station_keeping,31.27865,-0.12724,0.556,-0.01628,0.32397,-1.39124,10.23319,24.39915,47.97618,0.51741,0.4906,0.09149,0.93068,31.87751,thruster_degradation
23.6,sim-0001,target_waypoint,65.30331,0.2797,0.47434,-0.02471,0.60655,-1.44765,-12.87927,18.55581,46.70945,0.38722,0.45383,0.03914,0.89702,31.85247,thruster_degradation
49.5,sim-0002,station_keeping,74.43407,-0.14161,0.63289,-0.0064,-0.91297,0.60398,-1.34114,17.8714,47.75011,0.5082,1.01265,0.037,0.99518,33.26146,nominal
50.2,sim-0002,pipeline_tracking,12.52809,-2.67253,0.57784,0.24422,0.85702,-8.59577,2.77886,15.27851,47.73188,0.53539,0.98248,0.06035,0.97617,30.22745,buoyancy_imbalance
43.6,sim-0002,pipeline_tracking,15.83944,-0.09526,0.55521,0.03577,-0.44874,0.06171,10.66454,25.79246,47.73238,0.54923,0.64051,0.07275,0.88626,31.6441,thruster_degradation
99.9,sim-0004,station_keeping,59.45952,0.01842,0.45345,0.01159,-5.55174,0.53378,0.71485,27.56641,47.21562,0.41886,0.78787,0.02232,0.94338,28.91358,hydrodynamic_drag
69.7,sim-0003,pipeline_tracking,77.49266,0.85857,0.74451,-0.3801,0.35008,-14.58676,-2.28508,21.68627,48.07715,0.38113,0.90407,0.01693,0.91771,25.05677,buoyancy_imbalance
22.0,sim-0001,pipeline_tracking,59.80223,0.0963,0.5107,-0.02426,0.79461,-0.70716,-0.39668,14.68845,46.90378,0.52853,0.95509,0.02344,0.93249,31.90417,nominal
93.5,sim-0004,target_waypoint,37.75512,0.00441,0.62093,0.01567,-1.23564,1.22903,-0.07447,17.89151,47.79836,0.50116,0.95711,0.04037,0.85088,34.47434,nominal
53.5,sim-0002,pipeline_tracking,32.3916,-0.0294,0.60142,0.00586,0.27294,-1.59153,-0.1896,16.88884,48.40142,0.25785,0.89831,0.04483,0.9479,32.129,nominal
80.8,sim-0004,pipeline_tracking,46.43548,-0.23185,0.71499,-0.14991,0.14209,-0.1652,-1.80467,17.6001,47.40917,0.54239,0.94371,0.76806,0.82,29.39986,sensor_drift
3.7,sim-0000,pipeline_tracking,20.72453,-2.46382,0.70721,0.4638,1.28008,11.06237,-2.69627,16.44105,48.02854,0.68841,0.98402,0.04536,0.94058,34.83368,buoyancy_imbalance
41.5,sim-0002,pipeline_tracking,60.88854,0.19456,0.95089,0.05713,-1.95184,-0.12704,-1.58759,18.27401,47.41159,0.68691,0.96007,0.01021,0.90019,31.13929,nominal
46.4,sim-0002,target_waypoint,76.68288,0.17367,0.30279,-0.00121,0.58102,0.56346,3.2027,19.29455,47.29807,0.60086,0.73367,0.0064,0.88615,30.49618,hydrodynamic_drag
66.2,sim-0003,target_waypoint,37.7068,0.95485,0.61687,-0.34403,1.43821,4.84731,-0.45605,17.30547,47.2272,0.37781,0.91705,0.04069,0.95818,28.11285,buoyancy_imbalance
58.0,sim-0002,pipeline_tracking,10.16682,0.12125,0.51262,0.04642,-0.37406,-0.10609,3.51148,17.84595,48.08335,0.49226,0.99146,0.08529,0.89772,31.47531,nominal
97.2,sim-0004,station_keeping,55.54265,-1.23086,0.91678,-0.29674,0.15828,15.05613,0.99125,16.46456,47.0367,0.09003,0.97461,0.04456,0.9054,33.07539,buoyancy_imbalance
47.3,sim-0002,target_waypoint,47.56011,-0.14604,0.58682,-0.0032,2.0052,0.5339,0.52331,16.27867,48.74166,0.66196,1.05476,2.59493,0.60431,37.94097,sensor_drift
41.3,sim-0002,target_waypoint,68.81395,1.03887,0.17171,0.03066,0.81514,0.05771,0.25692,17.84032,46.658,0.38701,0.92014,1.12547,0.24827,27.14934,sensor_drift
63.5,sim-0003,target_waypoint,64.02371,-0.03591,0.58901,0.01114,1.862,0.29838,2.70445,17.58747,46.82093,0.33815,0.97895,0.01389,0.91186,27.21321,nominal
44.0,sim-0002,target_waypoint,18.86327,0.0886,0.68215,-0.0062,-0.62873,-0.64368,-1.96003,17.11356,47.5499,0.3579,0.92383,0.0135,0.95721,30.67593,nominal
24.9,sim-0001,station_keeping,49.15873,-0.21355,0.42799,-0.0543,-2.07959,2.29911,-1.3998,26.74192,47.34254,0.28312,0.72675,0.02823,0.98925,33.00679,hydrodynamic_drag
58.5,sim-0002,station_keeping,29.08019,0.10017,0.17754,0.00469,1.03596,1.8167,-0.53046,12.7955,47.92579,0.43184,0.97765,0.03704,0.93408,28.76157,nominal
20.6,sim-0001,target_waypoint,51.80337,-0.27295,0.48686,0.05998,-0.27857,1.06877,8.42347,22.08113,46.75963,0.19435,0.39088,0.04868,0.9313,32.33467,thruster_degradation
7.5,sim-0000,station_keeping,21.24849,0.03122,0.70487,0.01162,-0.45945,0.29798,-3.76479,18.45444,47.40741,0.35621,1.02103,0.07313,0.96853,33.96512,nominal
31.4,sim-0001,target_waypoint,33.25282,0.03661,0.32576,-0.07266,-1.40207,1.02516,1.79888,24.93586,47.4451,0.5246,0.82435,0.04905,0.88804,35.40064,hydrodynamic_drag
15.3,sim-0000,station_keeping,29.70936,-0.64023,0.61385,-0.00252,1.15529,-0.00343,-4.06664,17.88199,47.25081,0.58226,0.9514,1.9992,0.82,30.33754,sensor_drift
89.7,sim-0004,station_keeping,68.14183,1.57489,0.85054,-0.30186,0.49784,-6.55952,-0.91089,15.61189,47.30813,0.43629,0.93029,0.07969,0.93773,29.52302,buoyancy_imbalance
67.7,sim-0003,target_waypoint,61.88334,0.79942,0.89812,-0.44253,-1.83102,11.57513,-0.89812,23.47331,47.8979,0.44295,1.04605,0.00456,0.97529,28.91326,buoyancy_imbalance
13.9,sim-0000,pipeline_tracking,41.2702,-0.10097,0.30586,-0.04723,-0.2755,1.34448,0.40137,24.483,47.84935,0.50038,0.7633,0.10918,0.87694,28.93025,hydrodynamic_drag
9.8,sim-0000,target_waypoint,48.73404,0.37268,0.37303,-0.00397,-0.25803,-3.0955,0.83075,18.78137,46.65331,0.28228,0.94377,2.45851,0.29859,28.12563,sensor_drift
72.1,sim-0003,pipeline_tracking,29.15512,-0.14671,0.59477,0.01787,0.15744,-0.0783,4.67134,30.1152,47.67534,0.62995,0.37562,0.08481,0.93507,33.88573,thruster_degradation
66.7,sim-0003,pipeline_tracking,10.5361,-1.06892,0.55087,0.26932,2.65815,-6.12313,-0.83383,16.70359,47.28125,0.28648,0.99639,0.01646,1.0,31.76984,buoyancy_imbalance
99.2,sim-0004,target_waypoint,44.8487,-2.03944,0.79285,-0.45225,-1.46606,12.34604,0.33049,15.87131,47.68577,0.34074,0.98511,0.03986,0.95451,33.20645,buoyancy_imbalance
7.2,sim-0000,station_keeping,40.31304,2.07328,0.77823,0.31622,0.50063,-13.9479,-0.34323,17.50607,47.09624,0.0655,0.92253,0.04277,0.88131,36.06276,buoyancy_imbalance
1.5,sim-0000,station_keeping,32.20857,0.12451,0.93528,-0.01781,-1.5807,1.74263,-0.23348,22.05032,47.54528,0.41693,1.01918,0.06743,0.93196,32.06824,nominal
87.2,sim-0004,target_waypoint,75.6362,-2.24413,0.81236,0.53422,-1.12125,-8.85241,2.43491,19.42876,47.35899,0.27712,0.92335,0.06154,0.89007,31.17728,buoyancy_imbalance
89.9,sim-0004,target_waypoint,6.67826,-0.13549,0.2094,-0.02087,-5.18168,1.26914,-1.1774,21.55234,48.15319,0.30136,0.85004,0.03386,0.94293,28.56775,hydrodynamic_drag
86.8,sim-0004,pipeline_tracking,67.48489,-0.40684,0.87971,-0.01246,0.62376,1.8062,-0.14858,17.79531,47.42715,0.26612,1.06034,0.80665,0.53779,29.58404,sensor_drift
17.2,sim-0000,pipeline_tracking,8.24183,-1.3974,0.73404,0.32583,-0.17058,-11.59339,0.70917,17.41907,46.92732,0.37245,0.96127,0.05095,0.96247,30.36257,buoyancy_imbalance
83.8,sim-0004,pipeline_tracking,14.0361,0.11731,0.30767,-0.01914,0.23671,0.88651,-0.37171,17.38321,47.53415,0.21957,1.02373,1.27482,0.4222,33.73743,sensor_drift
1.8,sim-0000,station_keeping,46.78216,0.23101,0.3058,-0.00034,-2.73667,0.05948,1.18695,18.42348,47.20307,0.405,0.98152,2.23037,0.62116,27.20315,sensor_drift
14.0,sim-0000,target_waypoint,45.4258,0.14973,0.63714,0.00324,-2.02551,-0.78618,0.50582,14.79929,47.86976,0.41993,0.94829,0.05633,0.93275,30.51958,nominal
0.0,sim-0000,station_keeping,52.69149,0.09506,0.67259,0.01231,1.93209,-1.12566,-3.78134,19.9681,47.77194,0.57662,0.97458,0.04189,0.93969,32.37325,nominal
48.8,sim-0002,target_waypoint,22.49411,-0.33468,0.82621,0.00026,2.04742,2.53411,-4.8415,18.06779,48.42675,0.54981,1.02195,2.78399,0.47833,29.10331,sensor_drift
6.1,sim-0000,pipeline_tracking,58.0115,-0.11211,0.27454,0.0413,-0.39647,1.36793,-11.02715,31.27769,48.04873,0.61445,0.58249,0.0192,0.96815,28.62023,thruster_degradation
18.9,sim-0000,station_keeping,17.89431,0.1872,0.38342,0.01968,2.39994,-0.08725,2.04963,24.6367,47.71754,0.71347,0.7435,0.04052,0.95527,25.90857,hydrodynamic_drag
36.6,sim-0001,station_keeping,56.24881,-0.24306,0.32729,-0.03233,-0.97615,-0.33577,-5.84208,24.50554,47.59726,0.41396,0.19903,0.00128,0.87294,35.24298,thruster_degradation
50.8,sim-0002,pipeline_tracking,47.2875,0.02958,0.55559,0.03058,1.80393,-0.0221,-3.09713,17.30659,47.99018,0.35265,1.02207,0.71906,0.78843,34.45174,sensor_drift
56.0,sim-0002,target_waypoint,68.41669,-0.01066,0.89743,-0.06117,0.65618,0.48254,0.78621,19.20488,47.5375,0.47647,0.94404,0.00414,0.93552,32.05371,nominal
46.1,sim-0002,target_waypoint,70.35834,-0.23544,0.54234,-0.06976,1.38074,0.27912,-2.7213,26.52678,48.97606,0.4704,0.38607,0.06543,0.98407,30.04084,thruster_degradation
32.8,sim-0001,pipeline_tracking,69.69063,-0.54731,0.44918,0.06322,0.01445,-1.37814,2.02808,16.1893,47.41903,0.48393,0.91584,1.98398,0.74362,32.21246,sensor_drift
60.5,sim-0003,target_waypoint,56.16605,-0.19777,0.43806,-0.00351,0.81689,-1.28448,-0.88532,12.42932,47.50147,0.49394,1.00878,0.00573,0.94543,30.68421,nominal
81.6,sim-0004,station_keeping,63.85716,0.15175,0.45076,-0.0293,-1.49394,0.93331,4.10956,28.43625,47.7128,0.66964,0.40103,0.08147,0.99409,26.67694,thruster_degradation
60.6,sim-0003,station_keeping,73.81889,-0.19462,0.34423,0.00813,0.13852,0.14255,-8.68068,29.85381,47.8278,0.74735,0.40949,0.09773,0.88391,31.12731,thruster_degradation
38.4,sim-0001,station_keeping,78.69314,0.04699,0.38186,0.06721,-3.28547,0.0922,-0.25857,25.03761,47.19025,0.35099,0.72897,0.07878,0.93767,26.17641,hydrodynamic_drag
59.0,sim-0002,target_waypoint,7.52432,-0.14556,0.62565,-0.1031,-0.14226,-0.25958,1.92088,18.2499,46.26263,0.80561,0.99196,0.09192,0.89634,28.80439,nominal
96.3,sim-0004,station_keeping,79.58813,-0.14252,0.38673,-0.05663,-0.03207,1.02814,-0.35292,18.68783,48.61606,0.53845,0.92281,1.36808,0.52276,31.60561,sensor_drift
95.0,sim-0004,target_waypoint,50.81486,0.14186,0.53716,0.00712,-1.33767,-0.2068,-0.0497,18.53555,46.66383,0.32036,0.98881,0.04471,0.96119,27.20579,nominal
58.3,sim-0002,pipeline_tracking,25.68446,-0.42186,0.84484,0.02436,0.51205,-0.73509,2.92621,17.80769,46.62645,0.40318,0.88924,2.28962,0.39436,30.05676,sensor_drift
84.4,sim-0004,pipeline_tracking,74.36531,0.1165,0.3045,0.04377,-3.394,0.32404,-0.14236,26.07235,47.75029,0.4707,0.83121,0.01418,0.99571,31.08072,hydrodynamic_drag
92.7,sim-0004,station_keeping,53.32675,2.47517,0.33407,0.45355,0.021,-3.84254,-2.20285,19.85948,46.42606,0.5983,0.94777,0.07057,0.95358,30.18411,buoyancy_imbalance
74.4,sim-0003,station_keeping,49.28676,-0.06551,0.46944,-0.06409,2.09493,-0.18376,0.03637,27.40444,47.65712,0.48874,0.88278,0.05197,0.98341,31.00019,hydrodynamic_drag
33.7,sim-0001,pipeline_tracking,8.35786,-2.67071,0.8925,-0.40906,-0.73637,9.54983,1.48393,17.30171,48.1155,0.50458,0.92081,0.06755,0.98086,32.87471,buoyancy_imbalance
35.0,sim-0001,target_waypoint,36.68339,0.1583,0.35082,0.03444,-2.68613,-0.12951,0.23739,16.49303,46.83651,0.34457,0.9958,0.04214,0.92196,27.35013,nominal
68.9,sim-0003,target_waypoint,15.70086,-0.08004,0.33615,-0.00048,-3.43011,1.82574,0.79026,30.30235,46.64994,0.57362,0.55108,0.07325,1.0,29.69319,hydrodynamic_drag
83.2,sim-0004,pipeline_tracking,12.41572,0.94791,0.69701,0.48883,-1.46052,-10.47803,-0.02617,15.00209,47.21314,0.0698,0.94989,0.09825,0.95313,27.5864,buoyancy_imbalance
7.9,sim-0000,pipeline_tracking,39.97045,0.06388,0.30948,-0.06625,2.64328,0.31993,0.32522,24.18553,47.56093,0.55783,0.82829,0.03241,0.87868,33.40712,hydrodynamic_drag
77.9,sim-0003,target_waypoint,33.92777,-0.00146,0.27266,0.04391,0.3348,-0.73381,-1.48209,25.30506,47.61522,0.32739,0.86299,0.06539,0.93458,29.26276,hydrodynamic_drag
27.4,sim-0001,pipeline_tracking,17.95494,-0.03934,0.27504,-0.02135,2.46913,0.19363,5.02467,23.17713,47.22785,0.69875,1.0,0.00515,0.93832,29.28217,hydrodynamic_drag
76.6,sim-0003,pipeline_tracking,56.63087,0.08264,0.48732,-0.00861,-0.32208,-0.28891,4.29441,20.81334,47.97425,0.34679,0.60561,0.12927,0.9267,32.98282,thruster_degradation
43.8,sim-0002,station_keeping,18.1795,0.53156,0.52093,-0.04943,1.16698,-0.17092,-0.84979,17.79154,47.3583,0.54176,0.95648,2.21206,0.42206,30.44241,sensor_drift
8.8,sim-0000,pipeline_tracking,26.54416,0.47662,0.75024,-0.01756,-1.80288,0.52182,1.68303,19.0285,48.93166,0.50688,0.94517,2.76348,0.39136,27.97384,sensor_drift
37.7,sim-0001,target_waypoint,26.45499,0.86214,0.80248,0.44657,0.68015,-11.32848,-0.7174,16.70059,47.54546,0.47984,0.97233,0.02804,0.96639,29.91864,buoyancy_imbalance
80.5,sim-0004,pipeline_tracking,17.45875,0.05246,0.43815,-1e-05,0.23017,1.85801,-1.86091,18.25141,47.29523,0.55244,0.97763,0.08435,1.0,27.65734,nominal
86.6,sim-0004,target_waypoint,59.95855,0.13291,0.25019,0.00398,-0.68704,-0.54333,-12.78069,26.67659,47.93947,0.35653,0.46682,0.00245,0.96672,35.07196,thruster_degradation
64.1,sim-0003,target_waypoint,10.85625,-0.0572,0.33271,0.05398,1.30077,-1.16857,-13.9778,23.93339,47.67483,0.4129,0.58105,0.10228,0.98261,37.29222,thruster_degradation
77.6,sim-0003,target_waypoint,53.22579,0.20511,0.2812,-0.04784,1.89238,-2.75086,10.60909,28.14273,48.43939,0.64686,0.60999,0.07959,0.95546,31.37721,thruster_degradation
7.4,sim-0000,target_waypoint,27.3691,-0.15912,0.1758,0.05576,-0.42709,-1.64817,1.55991,20.91143,47.25868,0.32274,0.90739,0.02083,0.91547,33.17279,hydrodynamic_drag
58.2,sim-0002,station_keeping,24.07856,2.06818,0.5705,0.6638,0.54887,-10.79998,-2.56661,14.50366,47.77671,0.57744,0.97751,0.01929,0.8913,33.37845,buoyancy_imbalance
25.7,sim-0001,target_waypoint,70.20033,-0.90253,0.52495,0.46633,-0.76838,-7.16113,4.81919,20.22871,47.6364,0.39757,0.94571,0.00446,0.95849,33.01695,buoyancy_imbalance
32.6,sim-0001,target_waypoint,70.32903,0.01154,0.44371,0.04803,0.47422,2.70775,-4.89437,27.86403,47.91734,0.39312,0.36375,0.07956,0.93509,27.46539,thruster_degradation
37.0,sim-0001,pipeline_tracking,71.25654,0.04659,1.08224,0.05752,-0.80455,-1.82974,-3.11257,19.44327,47.4462,0.45434,0.94971,0.01989,0.96466,30.91736,nominal
91.0,sim-0004,pipeline_tracking,77.32731,-0.01885,0.62107,0.02039,0.24683,-1.30755,0.75483,13.22964,47.72553,0.70641,0.98353,0.04795,0.96925,31.43554,nominal
48.7,sim-0002,pipeline_tracking,75.56474,1.37408,0.7486,-0.444,0.44241,-13.24426,1.15271,18.16952,46.64608,0.48,0.97446,0.10252,0.88008,37.87531,buoyancy_imbalance
28.3,sim-0001,pipeline_tracking,11.21369,0.54829,1.01236,0.01946,0.83323,-0.98841,-2.62944,15.45907,47.21807,0.70769,0.95776,2.57969,0.32214,31.30741,sensor_drift
74.8,sim-0003,pipeline_tracking,79.76714,0.0835,0.71341,0.03586,-1.20131,-0.61955,-3.3903,17.22208,46.69554,0.4663,0.98467,2.58891,0.43188,28.21304,sensor_drift
32.1,sim-0001,station_keeping,76.35047,0.12782,0.22136,-0.05635,-0.06625,0.09382,-11.07708,26.30696,47.27977,0.46816,0.5043,0.09518,0.91273,30.47862,thruster_degradation
6.4,sim-0000,pipeline_tracking,52.69472,-0.15042,0.57823,0.017,1.40423,-0.83117,1.31899,26.95558,47.33497,0.59892,0.95002,0.05271,0.90298,29.7711,hydrodynamic_drag
39.5,sim-0001,target_waypoint,36.96364,-0.02585,0.68076,0.02275,-0.32116,-2.95357,-2.49098,21.91045,47.38799,0.74696,0.90394,0.01374,0.98046,29.14354,nominal
37.4,sim-0001,target_waypoint,77.64338,0.07098,0.26618,-0.02168,-4.38114,1.41757,3.71482,21.85461,47.7952,0.57018,0.88746,0.04632,0.94893,31.60407,hydrodynamic_drag
67.2,sim-0003,station_keeping,25.16385,2.11287,0.63093,-0.5794,-0.32862,-17.09073,-2.03057,16.567,47.89266,0.47145,0.99519,0.03158,0.92418,32.19008,buoyancy_imbalance
48.4,sim-0002,pipeline_tracking,71.65517,-0.17436,0.43111,-0.01262,4.85991,0.04932,-0.28487,27.17411,47.03059,0.66157,0.67026,0.0527,0.91593,31.83834,hydrodynamic_drag
73.7,sim-0003,target_waypoint,11.00618,-2.41136,0.80389,0.31717,-0.70928,-12.46117,-0.46586,15.26693,47.00286,0.33382,0.94534,0.06899,0.94546,30.31815,buoyancy_imbalance
58.4,sim-0002,target_waypoint,76.61446,-0.24106,0.36207,-0.0028,-1.31252,-0.02326,-0.25054,22.17783,48.24283,0.67839,0.66331,0.00434,0.91381,27.93947,hydrodynamic_drag
95.1,sim-0004,station_keeping,51.22587,-0.03322,0.55959,0.05178,0.31995,-1.43513,4.14973,22.54702,46.79547,0.45503,0.48996,0.07907,0.91632,27.09129,thruster_degradation
40.8,sim-0002,station_keeping,39.47602,0.14943,0.76417,-0.02744,0.48078,0.71737,-1.03874,21.21238,47.32944,0.48412,1.01451,2.01697,0.52167,29.95352,sensor_drift
67.9,sim-0003,pipeline_tracking,21.31065,0.11146,0.43837,-0.00779,-2.83685,1.12076,-2.56261,24.45606,47.57593,0.55463,0.77262,0.08078,0.90833,28.24474,hydrodynamic_drag
29.3,sim-0001,target_waypoint,50.76658,0.1586,0.8154,0.03473,0.98722,-0.25623,-0.84462,20.18852,47.67485,0.56136,1.01252,1.32175,0.24336,29.70109,sensor_drift
84.5,sim-0004,target_waypoint,8.38655,-0.01727,0.71399,0.03932,1.02481,0.13514,-1.62899,16.47344,47.41271,0.35277,0.99404,0.07445,0.89477,31.12569,nominal
82.1,sim-0004,target_waypoint,19.06931,-0.09016,0.16752,0.04994,-1.2419,-0.92117,-4.06837,32.07133,47.62413,0.57901,0.43324,0.05899,0.91076,31.39858,thruster_degradation
67.6,sim-0003,pipeline_tracking,14.67535,-0.09449,0.34972,-0.07054,0.62833,1.88046,-16.02437,23.65751,46.93247,0.41373,0.55851,0.06257,0.88035,29.86758,thruster_degradation
41.0,sim-0002,target_waypoint,32.79069,-0.10098,0.85462,-0.04626,-0.7312,1.88757,0.92438,16.28374,47.33676,0.42325,0.98096,0.07852,0.97923,30.4128,nominal
94.0,sim-0004,pipeline_tracking,78.32503,-0.0684,0.85136,0.01703,-0.82912,0.84519,-1.10985,18.24112,47.92348,0.78738,0.98756,0.03466,0.88603,31.90227,nominal
39.4,sim-0001,pipeline_tracking,63.68104,-0.14736,0.35174,0.03631,5.22204,-1.26328,2.30047,22.62751,47.0043,0.17415,0.70781,0.07119,0.93025,27.45357,hydrodynamic_drag
22.5,sim-0001,station_keeping,9.80738,-0.05133,0.55268,0.01648,1.04986,-0.12286,-0.98264,18.49478,48.40599,0.45019,0.93058,0.02614,0.94365,34.00551,nominal
7.3,sim-0000,pipeline_tracking,52.56162,-0.63359,0.68227,-0.016,-0.8835,-0.28823,-2.88431,21.71958,46.93586,0.38742,1.01007,1.49271,0.42381,35.55013,sensor_drift
96.1,sim-0004,pipeline_tracking,10.84649,0.15159,0.25999,-0.05065,2.95024,-1.48702,-5.10776,30.12526,47.16377,0.45682,0.60763,0.00981,0.97506,31.59681,thruster_degradation
1.3,sim-0000,pipeline_tracking,69.19146,0.38474,1.03278,0.02528,0.37116,-1.48825,-1.68649,18.10321,47.7516,0.56123,0.95326,1.77398,0.59581,27.52908,sensor_drift
15.2,sim-0000,target_waypoint,59.79629,-2.20874,0.4979,-0.32359,-0.47514,-9.76779,1.4141,17.53137,47.53943,0.79815,1.00594,0.08209,0.99574,32.50588,buoyancy_imbalance
33.1,sim-0001,pipeline_tracking,44.30604,-0.1187,0.4166,-0.08584,-1.09792,0.34171,-12.69864,20.61866,48.52622,0.44018,0.62172,0.11726,0.97397,32.55723,thruster_degradation
57.5,sim-0002,target_waypoint,73.39485,0.07911,0.46666,-0.01932,1.43292,1.38244,2.23977,18.14041,47.36868,0.49409,1.00754,0.05771,0.84146,36.6567,nominal
66.8,sim-0003,target_waypoint,15.89095,0.05332,0.36287,0.07512,0.81039,1.17833,-2.19,16.42313,47.87354,0.5273,0.988,1.04047,0.1522,30.72401,sensor_drift
99.5,sim-0004,target_waypoint,35.28863,-0.07271,0.48332,0.07786,1.59492,0.24351,-0.28081,15.82622,46.85797,0.30782,0.97117,0.0369,0.95899,32.11036,nominal
31.2,sim-0001,station_keeping,64.92527,-0.8476,0.67987,0.27976,0.79645,13.66882,-2.24938,19.97887,47.98444,0.58998,0.92614,0.07022,0.97391,33.00491,buoyancy_imbalance
57.2,sim-0002,target_waypoint,54.19673,-2.65675,0.47831,-0.37733,0.83493,-13.75161,4.5429,14.23063,47.2789,0.54786,0.95886,0.0547,0.94601,34.97307,buoyancy_imbalance
23.4,sim-0001,station_keeping,43.23586,0.03403,0.24601,0.02724,2.18224,0.19936,1.17069,27.42388,48.36949,0.47513,0.87523,0.07798,0.89859,29.13456,hydrodynamic_drag
32.2,sim-0001,pipeline_tracking,75.66682,-1.94479,0.53933,-0.28347,-0.17136,-7.02095,-1.00535,16.57688,47.08641,0.5304,0.99004,0.00549,1.0,32.32452,buoyancy_imbalance
68.5,sim-0003,pipeline_tracking,31.20706,-0.0457,0.49686,0.03537,-0.20718,0.22346,-1.73201,17.01835,46.82629,0.48966,0.94943,0.01519,0.91133,28.05998,nominal
49.7,sim-0002,target_waypoint,2.42135,-2.36967,0.47065,0.65155,-0.17115,-8.33581,2.91293,18.31586,48.29856,0.23576,0.92145,0.022,0.9034,24.30006,buoyancy_imbalance
0.6,sim-0000,station_keeping,55.8238,0.01381,0.33329,-0.00816,-0.36931,-0.45195,-10.38238,29.07567,48.47864,0.39817,0.55519,0.0911,0.97828,36.9694,thruster_degradation
24.1,sim-0001,pipeline_tracking,31.83985,0.02961,0.26213,0.00024,-0.35294,-1.10303,-8.26949,24.63453,47.61305,0.54715,0.49232,0.03843,0.96569,32.39725,thruster_degradation
10.7,sim-0000,target_waypoint,28.47746,1.52958,0.64537,-0.50137,-1.04883,-9.70746,0.9278,18.41992,47.32186,0.61376,0.89568,0.04882,0.93007,28.52013,buoyancy_imbalance
28.2,sim-0001,station_keeping,46.63033,-2.1232,0.4672,-0.27548,1.42665,10.08849,0.08363,20.76841,47.03389,0.3578,0.97505,0.04013,0.97473,34.50422,buoyancy_imbalance
89.1,sim-0004,station_keeping,53.72447,0.07218,0.46436,-0.03221,-2.24854,-1.19244,8.08817,28.00161,47.31443,0.61605,0.52592,0.05344,0.93331,24.8119,thruster_degradation
70.0,sim-0003,pipeline_tracking,10.76353,-0.14893,0.32215,-0.06463,-0.72016,-1.99959,-0.45665,16.88517,47.18088,0.63669,1.0147,0.0369,0.99409,28.59376,nominal
95.8,sim-0004,pipeline_tracking,53.41187,0.65936,0.58724,0.03234,0.77156,0.75133,0.00807,14.11053,47.70447,0.68334,0.96392,1.42986,0.42625,30.9861,sensor_drift
27.8,sim-0001,target_waypoint,7.17554,0.19241,0.84915,0.0284,-0.18134,-2.31513,1.54024,18.26761,47.0942,0.53857,0.9953,2.03912,0.3657,33.75355,sensor_drift
5.6,sim-0000,target_waypoint,44.91206,0.05852,0.30875,0.0279,1.76014,-0.57948,-15.27567,24.00678,47.34752,0.19173,0.44302,0.00481,0.86928,26.28526,thruster_degradation
54.4,sim-0002,pipeline_tracking,19.47876,0.04919,0.29611,0.00996,-2.15683,0.84895,2.50349,23.73427,47.94542,0.57311,0.74688,0.06055,0.98422,31.34692,hydrodynamic_drag
11.7,sim-0000,station_keeping,30.57174,1.26645,0.6805,0.38157,2.83365,9.94732,5.83239,23.82424,47.13053,0.49378,0.95124,0.03556,0.98366,29.06714,buoyancy_imbalance
66.3,sim-0003,station_keeping,21.06778,-0.04969,0.71157,0.01143,1.77199,-0.61475,1.96125,16.08841,46.76113,0.36305,0.95523,1.09321,0.73372,33.96782,sensor_drift
6.8,sim-0000,target_waypoint,35.29422,0.51176,0.6267,0.04728,-0.43066,-0.42129,-1.76082,17.04046,47.5916,0.3498,0.98392,2.3251,0.35264,30.94404,sensor_drift
25.0,sim-0001,pipeline_tracking,24.57368,-0.08807,0.47183,-0.00343,0.76904,0.59119,0.45209,19.86518,47.85229,0.27212,0.98589,0.01926,0.94177,35.57639,nominal
49.0,sim-0002,pipeline_tracking,27.11429,-0.01175,0.79501,-0.02777,1.00548,-0.15916,0.56518,18.69627,47.54157,0.47682,0.94585,0.02536,0.95528,32.54627,nominal
73.9,sim-0003,pipeline_tracking,45.47632,-0.17909,0.44108,0.01635,-1.20467,1.7122,0.97462,22.09204,48.21114,0.55383,1.0,0.05762,0.92515,27.76185,hydrodynamic_drag
80.9,sim-0004,target_waypoint,14.70012,0.29424,0.36571,0.04391,-4.45153,0.89702,-0.66933,25.4207,47.30614,0.4693,0.94636,0.07758,1.0,32.20433,hydrodynamic_drag
65.0,sim-0003,target_waypoint,56.36461,-0.05252,0.5404,-0.01839,-1.23017,1.59256,0.68564,17.08788,47.42979,0.57711,1.03133,0.11966,0.97366,29.94749,nominal
24.8,sim-0001,target_waypoint,40.67528,0.06976,0.72717,-0.0165,1.1562,0.09761,0.24172,14.33217,47.377,0.55541,0.99174,1.29416,0.49531,25.97142,sensor_drift
90.7,sim-0004,pipeline_tracking,55.01036,-2.51672,0.53439,0.43833,1.27147,-6.79465,0.04892,20.44882,47.52657,0.53658,1.03757,0.07092,0.90837,33.82665,buoyancy_imbalance
91.3,sim-0004,pipeline_tracking,40.90051,0.03889,0.59132,0.03713,-1.77661,-0.76192,0.53168,17.00794,46.942,0.38273,0.95436,0.79404,0.27102,26.819,sensor_drift
67.1,sim-0003,target_waypoint,72.74428,0.12518,0.48543,0.04743,-1.09893,1.23732,-7.72693,21.30649,47.49213,0.20636,0.48824,0.07324,1.0,36.21735,thruster_degradation
38.0,sim-0001,target_waypoint,25.65794,0.00281,0.38776,0.03798,0.95829,-1.98099,1.49429,16.76709,48.20641,0.62061,1.00805,0.07069,0.89827,24.76862,nominal
21.6,sim-0001,station_keeping,26.13819,0.11061,0.41116,-0.05654,-0.53971,2.68968,10.88473,28.1565,47.78609,0.49571,0.4286,0.10697,0.96255,25.4121,thruster_degradation
34.5,sim-0001,station_keeping,56.60309,0.08323,0.79903,0.0546,-0.11383,0.72479,-0.22956,16.77576,48.27767,0.53402,0.98246,0.03167,0.88265,30.27307,nominal
63.2,sim-0003,target_waypoint,13.47397,-1.519,0.26999,-0.27919,-0.74923,-8.28101,-3.31959,14.68818,48.45373,0.29501,0.98946,0.00897,0.97442,31.67386,buoyancy_imbalance
97.4,sim-0004,target_waypoint,59.99351,-0.03588,0.4411,0.00256,2.57198,-0.76962,-0.83345,22.059,48.34953,0.4884,0.88788,0.03026,0.91022,30.85332,hydrodynamic_drag
38.6,sim-0001,target_waypoint,44.7337,-0.19857,0.51224,0.03971,0.75007,1.00775,-7.46351,29.30504,47.46177,0.32839,0.41203,0.05065,0.91167,31.6976,thruster_degradation
5.8,sim-0000,pipeline_tracking,19.89188,0.29626,0.44937,-0.07057,-1.13508,0.22078,3.43153,18.71212,46.84658,0.41133,1.0692,2.51286,0.39714,31.43452,sensor_drift
41.4,sim-0002,station_keeping,6.7574,-0.0391,0.19834,0.00316,3.45361,-0.08875,2.83888,26.72328,47.80899,0.55244,0.86806,0.04996,0.96268,35.61221,hydrodynamic_drag
88.6,sim-0004,pipeline_tracking,31.84931,0.01096,0.17724,-0.00708,0.56908,1.00075,-9.36047,29.97353,46.60725,0.43907,0.49714,0.08878,0.96648,26.51658,thruster_degradation
75.1,sim-0003,pipeline_tracking,64.06569,-0.14742,0.40791,-0.04033,1.10184,-2.21579,12.438,26.74904,46.85043,0.45752,0.3878,0.09424,1.0,29.25407,thruster_degradation
18.2,sim-0000,target_waypoint,38.86498,-2.28281,0.21835,-0.55055,-1.49996,12.75748,-2.1287,21.48073,47.44874,0.74354,0.97696,0.05444,1.0,32.80575,buoyancy_imbalance
18.8,sim-0000,target_waypoint,52.50126,0.28711,0.52883,-0.02915,0.13708,1.32323,2.0662,15.76854,47.40379,0.5351,0.95549,2.7713,0.44942,37.32003,sensor_drift
97.5,sim-0004,station_keeping,20.89615,0.18041,0.96118,-0.01336,1.7719,2.62544,-1.19152,14.45082,47.72592,0.65847,0.96888,0.08809,0.93506,34.71582,nominal
70.1,sim-0003,target_waypoint,41.34145,0.06609,0.24939,0.00218,-1.18484,0.11873,8.13978,27.62813,47.32423,0.68674,0.64807,0.07241,0.94656,32.19983,thruster_degradation
68.0,sim-0003,target_waypoint,37.37436,0.06569,0.44804,-0.02003,-0.44199,1.46752,-2.29026,17.15912,46.49793,0.51847,0.96684,0.06412,0.91385,28.79193,nominal
73.4,sim-0003,target_waypoint,62.56615,0.05028,0.38015,-0.04158,5.44246,-1.33911,0.02608,25.05465,47.06929,0.63314,0.86506,0.02678,0.98436,30.07102,hydrodynamic_drag
83.7,sim-0004,station_keeping,31.77457,-0.96011,0.66918,0.34033,0.8715,13.93652,0.41442,18.66952,47.27145,0.29632,0.964,0.07057,0.88637,29.06329,buoyancy_imbalance
57.9,sim-0002,station_keeping,23.13285,0.09384,0.24716,-0.06341,3.16954,0.07958,-2.02208,23.28345,47.81168,0.35598,0.73158,0.05051,0.97669,31.6516,hydrodynamic_drag
75.8,sim-0003,target_waypoint,65.14113,-0.17587,0.47657,0.0275,0.20747,-0.97538,2.55909,18.89566,47.20264,0.27553,0.98852,2.68535,0.70682,34.15929,sensor_drift
68.6,sim-0003,target_waypoint,61.094,-0.15825,0.46975,-0.02713,-0.51772,0.00053,-8.86624,30.31002,47.94146,0.13771,0.32938,0.07733,0.95494,30.32925,thruster_degradation
87.8,sim-0004,target_waypoint,26.89655,-0.40652,0.39205,0.06595,-1.38425,2.02403,1.70575,20.54926,47.15183,0.52759,0.99006,0.83492,0.79846,31.46749,sensor_drift
99.1,sim-0004,pipeline_tracking,24.35657,0.05878,0.44075,-0.05906,-1.41774,1.1668,-9.99555,23.37709,47.64457,0.34407,0.75094,0.00431,1.0,30.70966,thruster_degradation
98.8,sim-0004,pipeline_tracking,73.61553,-0.27674,0.22301,-0.03724,-0.35616,-0.25657,-0.82012,15.37127,47.44471,0.50994,0.96351,0.86089,0.327,27.20271,sensor_drift
25.9,sim-0001,pipeline_tracking,67.00926,-0.22864,0.16604,0.0128,-1.43989,1.51785,2.86966,20.87058,47.54757,0.43334,0.78332,0.02121,0.93253,25.3379,hydrodynamic_drag
29.9,sim-0001,target_waypoint,73.63206,-0.17406,0.47856,-0.02773,2.95302,-1.85741,-2.38695,21.50245,46.53216,0.46223,0.85822,0.03995,1.0,26.41864,hydrodynamic_drag
94.1,sim-0004,target_waypoint,70.34418,0.02757,0.30555,0.01948,-0.445,-0.03978,5.07873,33.0292,47.43092,0.58551,0.24423,0.02105,0.93901,31.99195,thruster_degradation
77.2,sim-0003,pipeline_tracking,11.07259,-2.39422,0.6544,0.3577,0.08244,14.76807,3.47691,14.91158,47.49267,0.49096,0.95222,0.01709,0.98997,26.52165,buoyancy_imbalance
10.8,sim-0000,station_keeping,14.66289,0.51166,0.89515,-0.03674,-0.76719,-1.2896,-0.68695,14.84023,47.32751,0.50082,0.99587,2.1631,0.57636,33.84176,sensor_drift
64.9,sim-0003,pipeline_tracking,21.21313,-0.14309,0.31083,0.06355,4.47677,0.32598,-0.35739,27.1205,46.9158,0.42309,0.815,0.02094,0.95334,30.81195,hydrodynamic_drag
1.7,sim-0000,target_waypoint,34.34466,-2.15954,0.72107,-0.60546,1.92782,-11.27759,-3.63946,16.82078,47.25411,0.44072,0.99092,0.07157,0.99744,27.82762,buoyancy_imbalance
52.0,sim-0002,pipeline_tracking,9.18012,-0.08357,0.73511,-0.02144,-2.36174,-1.76441,-0.46155,17.75408,48.44046,0.73207,1.01136,0.018,0.99604,32.42267,nominal
72.9,sim-0003,station_keeping,76.0541,-0.11809,0.43285,-0.05664,0.1914,1.64388,1.1277,24.79187,46.65518,0.58346,0.81305,0.03878,0.96639,30.30216,hydrodynamic_drag
16.5,sim-0000,station_keeping,48.39081,0.00765,0.75553,0.00045,0.89141,-2.07666,-0.74378,17.69635,46.65306,0.65355,0.95524,0.0845,0.93569,39.51108,nominal
14.5,sim-0000,pipeline_tracking,63.51579,-0.05983,0.67329,0.03039,-1.00973,3.0219,0.02139,18.9918,48.22974,0.61708,1.00738,0.09401,1.0,30.34234,nominal
15.6,sim-0000,station_keeping,7.63305,0.14247,0.24756,0.05371,1.37771,-1.54243,-6.67152,31.85028,47.03786,0.51606,0.24495,0.10924,0.93805,28.76847,thruster_degradation
93.4,sim-0004,pipeline_tracking,44.53273,-0.00635,0.19073,-0.00478,-2.15415,0.74648,0.34498,28.19839,46.90508,0.50683,0.66257,0.0835,0.96089,30.91758,hydrodynamic_drag
22.1,sim-0001,target_waypoint,9.69905,-0.03135,0.59694,0.00625,1.5544,0.30862,3.99465,30.82648,48.02666,0.38154,0.41853,0.01552,0.87195,31.90385,thruster_degradation
21.4,sim-0001,pipeline_tracking,67.68818,0.17764,0.31814,0.08127,3.81277,-1.36325,-3.38363,25.67201,48.18427,0.5733,0.95423,0.05827,0.95516,31.27593,hydrodynamic_drag
14.8,sim-0000,pipeline_tracking,58.40977,-0.49506,0.57568,-0.05827,0.96281,0.32565,-0.65639,20.96779,47.99307,0.36344,0.95162,0.83113,0.5916,32.54205,sensor_drift
13.4,sim-0000,target_waypoint,10.78411,0.25914,0.28291,-0.06353,0.56669,0.8967,0.51857,24.65662,47.36876,0.53173,0.79874,0.01218,0.95103,31.37159,hydrodynamic_drag
88.4,sim-0004,target_waypoint,70.66383,-0.01642,0.39972,-0.05651,-2.20838,-2.30202,0.19169,23.70022,47.4298,0.511,0.87792,0.09751,0.91616,30.34943,hydrodynamic_drag
77.1,sim-0003,station_keeping,25.57054,-0.02775,0.33064,0.0317,-1.59305,-1.21437,13.96544,22.23953,47.50922,0.51006,0.35936,0.02008,0.98914,37.89167,thruster_degradation
94.9,sim-0004,pipeline_tracking,77.78665,-0.1191,0.33477,-0.04107,-0.19456,0.10627,-2.67801,20.77971,47.43542,0.53676,0.78442,0.08605,0.96852,30.90745,hydrodynamic_drag
33.2,sim-0001,target_waypoint,43.61706,1.89608,0.80435,-0.61762,-0.69666,11.84072,2.45195,17.47802,47.81152,0.57529,0.92275,0.06739,0.93628,32.04522,buoyancy_imbalance
20.5,sim-0001,pipeline_tracking,73.61663,0.00745,0.50651,0.11634,-0.72231,-0.6141,0.31244,15.0864,47.90438,0.47883,0.9405,0.02915,0.86424,29.33334,nominal
48.9,sim-0002,station_keeping,21.3409,-0.0923,0.34098,0.0093,2.48874,-0.16645,-2.47729,26.37755,47.63602,0.50449,0.70526,0.06647,0.92058,29.38262,hydrodynamic_drag
41.2,sim-0002,pipeline_tracking,7.20124,2.47327,0.75598,-0.32095,-0.45874,8.55487,-0.6431,18.56462,48.0187,0.33787,0.89824,0.03222,0.95751,28.02011,buoyancy_imbalance
79.8,sim-0003,station_keeping,72.50213,-0.4532,0.4659,0.00831,-1.68117,-0.51768,-3.48417,17.88626,47.5265,0.22042,0.97704,2.23357,0.70923,28.82022,sensor_drift
26.4,sim-0001,station_keeping,52.76267,-0.04868,0.6176,0.01903,-4.69942,1.41489,1.59145,27.1611,47.88858,0.37756,0.74458,0.04247,0.94848,26.06215,hydrodynamic_drag
54.6,sim-0002,station_keeping,25.03982,0.06947,0.27828,-0.03401,0.29701,0.24315,-11.59888,27.30408,48.29555,0.67685,0.62919,0.03823,0.90854,30.51709,thruster_degradation
26.8,sim-0001,pipeline_tracking,32.54372,0.13334,0.29808,0.01147,0.26076,2.60359,-1.44192,20.76623,46.81991,0.69459,0.97464,1.80671,0.49756,33.03342,sensor_drift
78.0,sim-0003,station_keeping,25.69043,-0.13696,0.61229,0.00152,-1.5166,-0.37416,-4.14512,14.89323,47.6503,0.23589,0.96242,0.00898,0.90432,29.11008,nominal
72.4,sim-0003,pipeline_tracking,74.62411,0.20541,0.43401,0.06584,2.00778,0.69565,-0.54093,24.58241,47.39812,0.34449,0.69267,0.03376,0.96585,26.70902,hydrodynamic_drag
44.5,sim-0002,pipeline_tracking,74.27465,0.00859,0.55473,0.03446,1.81282,-1.26652,-5.10743,17.58739,47.33827,0.78684,0.97854,0.01027,0.9551,30.8175,nominal
64.5,sim-0003,station_keeping,53.02443,0.22973,0.82305,-0.03367,0.04756,-0.06304,1.66995,14.3603,47.79974,0.42346,0.9269,0.00088,0.90214,32.47945,nominal
86.2,sim-0004,pipeline_tracking,73.14112,-2.08925,0.7999,-0.52265,-0.16081,-10.516,-2.85682,22.64026,47.98648,0.59084,0.9745,0.05244,0.99016,25.79085,buoyancy_imbalance
81.2,sim-0004,target_waypoint,39.03198,-1.21828,0.48278,-0.41405,-0.90767,-16.1415,-2.15998,16.47421,47.55659,0.42429,0.99483,0.0941,0.86713,28.46947,buoyancy_imbalance
68.2,sim-0003,pipeline_tracking,61.46511,1.79947,0.86264,0.22845,-0.8458,13.63195,-0.01474,20.06626,48.28752,0.49795,0.92372,0.05421,0.94763,34.14804,buoyancy_imbalance
50.4,sim-0002,station_keeping,53.81713,-0.02778,0.25748,0.04049,1.74732,-2.07172,-0.73981,25.42107,46.3819,0.31337,0.7108,0.065,0.96533,30.93757,hydrodynamic_drag
9.1,sim-0000,pipeline_tracking,25.14166,0.28338,0.33412,-0.04394,1.43009,0.95138,8.6501,29.00654,47.8325,0.65241,0.51508,0.03165,0.9503,30.59974,thruster_degradation
72.3,sim-0003,station_keeping,22.5522,0.54436,0.6872,-0.01236,-1.93196,-1.42331,3.6797,20.62897,47.78292,0.84063,0.95023,0.77076,0.26669,28.89561,sensor_drift
18.7,sim-0000,pipeline_tracking,16.29582,2.57207,0.63222,0.55347,0.06187,5.77617,-0.77306,16.20133,47.89665,0.5498,0.96891,0.02004,0.94851,28.38524,buoyancy_imbalance
64.7,sim-0003,target_waypoint,17.48638,2.21077,0.8208,0.59537,-2.42154,7.62303,-2.26436,17.73581,48.58393,0.25951,0.9412,0.01342,0.89131,30.97487,buoyancy_imbalance
57.3,sim-0002,station_keeping,22.85455,-0.13955,0.67151,-0.03398,0.36826,-0.63906,2.49887,24.01121,46.37592,0.57671,0.99565,1.0926,0.67619,37.2823,sensor_drift
69.4,sim-0003,pipeline_tracking,58.12765,0.007,0.29844,0.01766,2.52297,-0.23476,-3.18171,26.234,47.45863,0.37474,0.84527,0.01485,0.95087,32.71326,hydrodynamic_drag
57.1,sim-0002,pipeline_tracking,12.04844,0.13979,0.31761,0.00069,-0.80558,1.10501,12.69643,18.73372,47.66118,0.8008,0.33675,0.06007,0.95817,34.87388,thruster_degradation
98.3,sim-0004,target_waypoint,7.77878,0.20413,0.76922,-0.03472,-2.03973,-1.19095,2.94316,18.49668,48.43161,0.35347,0.97878,0.80273,0.45777,29.44715,sensor_drift
56.6,sim-0002,target_waypoint,23.1538,-0.03582,0.32368,0.01413,0.21544,0.68036,-6.64626,22.58072,47.73426,0.65292,0.57616,0.01228,0.96098,36.23623,thruster_degradation
84.3,sim-0004,station_keeping,29.11057,0.22505,0.77834,-0.04602,-0.00527,-2.26765,-1.2953,18.25065,47.45396,0.58328,1.02949,0.89083,0.67429,35.08134,sensor_drift
86.5,sim-0004,pipeline_tracking,43.05856,0.04086,0.61384,0.03234,-1.48025,1.83433,-2.93736,14.50471,47.00289,0.55345,0.98376,0.0437,0.92687,32.78287,nominal
97.9,sim-0004,pipeline_tracking,7.81366,-0.01248,0.48759,-0.00195,7.67976,1.4795,0.97481,25.59992,47.6337,0.65228,0.78666,0.109,0.88725,30.78801,hydrodynamic_drag
92.6,sim-0004,target_waypoint,7.11212,-0.06703,0.15515,-0.02504,1.21412,0.02176,10.4739,25.08786,47.42717,0.63004,0.44161,0.08505,0.9627,32.31331,thruster_degradation
10.2,sim-0000,station_keeping,74.5004,-2.10345,1.0093,-0.45936,-1.10874,-8.65507,0.84184,22.02232,47.41494,0.65831,0.96772,0.06668,0.93831,28.78488,buoyancy_imbalance
40.5,sim-0002,station_keeping,7.94814,-0.07031,0.60017,-0.09482,0.38686,2.04871,3.21789,18.18397,47.58849,0.50404,0.94444,0.02985,0.85959,25.88971,nominal
15.9,sim-0000,station_keeping,64.96622,0.10414,0.36384,-0.06989,2.08865,0.86999,1.20069,26.88525,47.62395,0.29767,0.83807,0.06738,0.90007,31.64866,hydrodynamic_drag
12.7,sim-0000,pipeline_tracking,77.07537,1.41039,0.36349,0.25123,0.41068,-12.94117,-2.31585,19.17964,47.26723,0.4749,1.00762,0.07375,0.88252,27.99358,buoyancy_imbalance
50.3,sim-0002,target_waypoint,44.3511,0.03457,0.49094,0.03917,1.44169,-0.70468,3.49734,17.40271,47.69088,0.65823,0.94411,0.65468,0.41036,30.71213,sensor_drift
1.4,sim-0000,target_waypoint,58.39822,-0.03235,0.42376,0.04506,-4.67724,-0.89328,-1.34879,27.95134,47.99711,0.54824,0.94053,0.04887,0.96481,31.92277,hydrodynamic_drag
10.1,sim-0000,target_waypoint,77.91064,-0.03057,0.43374,0.03552,0.49729,1.80788,4.62117,32.49644,48.31454,0.37909,0.71826,0.06765,0.92261,28.37427,thruster_degradation
3.9,sim-0000,station_keeping,21.53684,-0.05535,0.34864,-0.06757,-0.97028,0.52123,3.12691,26.66816,46.98002,0.3343,0.86342,0.03509,0.88448,29.80256,hydrodynamic_drag
39.0,sim-0001,station_keeping,15.66699,-0.21288,0.66569,0.04918,-0.49034,0.14677,2.5398,20.07404,47.49781,0.46572,1.02249,0.08159,1.0,25.56126,nominal
20.4,sim-0001,station_keeping,44.41328,0.10559,0.53248,0.03164,6.27497,-1.16916,-4.50192,28.03666,47.79027,0.64512,0.65299,0.03179,0.89881,33.64133,hydrodynamic_drag
87.4,sim-0004,pipeline_tracking,29.34588,0.12323,0.23671,0.00339,-3.9961,-0.64413,1.00542,24.55839,47.47832,0.20617,0.87084,0.07208,0.89604,30.50778,hydrodynamic_drag
84.9,sim-0004,station_keeping,51.62721,0.02246,0.16902,0.00706,1.96074,-0.52377,0.59371,28.76865,47.42802,0.71213,0.84319,0.05654,0.94317,30.81868,hydrodynamic_drag
16.2,sim-0000,station_keeping,11.76184,2.06281,0.76947,0.4328,-1.3282,-11.27384,3.24758,20.32987,47.59245,0.41326,0.98055,0.046,0.97787,29.53327,buoyancy_imbalance
82.6,sim-0004,pipeline_tracking,19.69505,0.17862,0.20346,-0.06642,-0.56057,1.74035,-8.32502,29.77018,47.96075,0.38769,0.52873,0.05162,0.88055,30.06116,thruster_degradation
51.7,sim-0002,pipeline_tracking,26.10003,2.12514,0.84346,-0.36395,-1.25245,9.47352,-0.08431,16.35395,47.52733,0.46406,0.9875,0.02687,0.96202,33.5388,buoyancy_imbalance
78.2,sim-0003,target_waypoint,47.59797,-1.2747,0.65543,-0.42346,0.32736,-16.13082,2.69033,21.68512,47.81399,0.41917,0.92542,0.08271,0.92127,32.46633,buoyancy_imbalance
12.3,sim-0000,station_keeping,5.45466,0.73645,0.83656,-0.07213,0.84802,-2.17072,-1.58877,20.22672,47.84561,0.57306,0.97637,0.80985,0.48852,30.08453,sensor_drift
80.6,sim-0004,target_waypoint,74.24854,-0.02972,0.44975,-0.00814,1.28886,-1.69419,6.71027,30.60233,47.58209,0.3398,0.3646,0.09236,0.88714,31.41443,thruster_degradation
50.9,sim-0002,target_waypoint,4.68398,-0.14196,0.30515,-0.05896,5.13393,-1.07189,2.14908,24.53647,46.71404,0.47741,0.84638,0.05943,0.98788,30.38778,hydrodynamic_drag
62.1,sim-0003,station_keeping,42.46567,0.17951,0.37076,-0.07016,1.74058,1.11626,-10.78111,30.17436,47.74268,0.4936,0.39198,0.03114,0.97395,34.07039,thruster_degradation
39.8,sim-0001,target_waypoint,68.09451,0.13417,0.86383,0.05389,1.4157,1.2217,-0.78637,17.79796,47.47753,0.4255,0.99178,2.08087,0.0665,29.44348,sensor_drift
19.1,sim-0000,target_waypoint,42.30524,0.05167,0.45028,0.01552,2.80267,0.82799,-9.38757,30.98419,46.97293,0.45746,0.48006,0.0327,0.98642,30.91553,thruster_degradation
52.3,sim-0002,pipeline_tracking,19.60086,-0.82558,0.76352,-0.04797,-2.70211,-0.78257,1.38445,17.39597,47.90558,0.51038,0.95361,2.4306,0.56617,28.60426,sensor_drift
4.6,sim-0000,pipeline_tracking,45.91922,-0.0265,0.35505,-0.01337,-0.3382,0.69836,12.83964,26.85513,47.58911,0.72072,0.33518,0.06566,0.91972,25.73569,thruster_degradation
47.0,sim-0002,target_waypoint,53.48208,-0.13049,0.84482,0.01853,-1.68825,0.41624,-3.94112,16.96525,47.17498,0.40345,0.94252,0.0606,0.95137,26.55039,nominal
56.4,sim-0002,station_keeping,7.33249,-0.08212,0.44706,-0.02124,-2.66226,0.32419,2.08368,23.039,47.58778,0.08574,0.82305,0.00305,0.94721,37.41229,hydrodynamic_drag
5.0,sim-0000,target_waypoint,23.30173,-0.00055,0.67472,0.03259,-2.43132,-0.30915,-1.05361,16.1084,47.66483,0.30966,0.94388,0.02639,0.95389,32.12718,nominal
9.3,sim-0000,station_keeping,58.7088,0.11322,0.29432,0.02354,-0.09791,-1.05882,1.86648,16.96242,48.00844,0.46842,0.99626,1.18378,0.64555,27.90387,sensor_drift
40.6,sim-0002,pipeline_tracking,50.19568,0.07471,0.33375,0.0079,0.16844,-0.19854,9.1967,24.59512,47.77777,0.38556,0.54169,0.06725,0.9597,32.06385,thruster_degradation
48.0,sim-0002,station_keeping,71.02556,0.04009,0.50866,0.06852,-2.26845,-0.86509,0.95993,18.75553,47.60918,0.43766,0.88641,0.05612,0.95184,30.84214,nominal
99.7,sim-0004,pipeline_tracking,54.21078,1.35678,0.78439,0.56893,0.10928,5.78525,-3.51034,17.2876,48.15641,0.29692,0.97651,0.0874,0.88978,32.1466,buoyancy_imbalance
35.8,sim-0001,pipeline_tracking,37.47645,0.34112,0.65668,0.01994,-2.2365,-0.96283,-0.36754,25.02417,47.99146,0.39821,0.98446,1.3742,0.41335,31.74666,sensor_drift
51.9,sim-0002,station_keeping,39.73417,0.01663,0.23823,-0.0305,0.65162,0.31812,-3.42869,30.63108,47.15819,0.5935,0.798,0.05194,1.0,25.536,hydrodynamic_drag
8.9,sim-0000,target_waypoint,9.17827,0.18141,0.21909,0.04269,-3.90967,0.16496,-2.20376,29.52486,47.80811,0.56663,0.70357,0.06761,0.91916,30.82883,hydrodynamic_drag
43.7,sim-0002,target_waypoint,80.84507,1.52261,0.33349,0.54921,-0.71448,-10.70364,-1.23459,20.51157,46.94359,0.48886,0.98484,0.05372,0.88563,25.65329,buoyancy_imbalance
43.3,sim-0002,pipeline_tracking,48.58139,0.69075,0.96133,0.08191,0.13303,0.55252,-1.57288,15.07526,47.87008,0.28032,1.00468,2.63261,0.52595,36.20689,sensor_drift
94.8,sim-0004,station_keeping,63.98596,-0.06206,0.67603,0.0012,-0.21924,0.62372,-1.7502,18.87183,47.93795,0.6144,0.89313,0.69202,0.5071,29.90901,sensor_drift
13.2,sim-0000,station_keeping,42.78921,-1.82272,0.97217,-0.54021,-0.28612,15.82941,3.04954,17.32569,47.75606,0.30628,0.98447,0.04137,0.94066,35.43468,buoyancy_imbalance
23.0,sim-0001,target_waypoint,25.6162,0.08794,0.52099,0.02644,1.74917,0.38646,-2.54694,18.19517,47.54053,0.35943,0.92592,0.03664,0.97473,33.45366,nominal
36.2,sim-0001,target_waypoint,45.15174,-1.39496,0.4109,-0.21843,0.68804,14.83463,1.01222,19.28608,47.74199,0.28623,1.00071,0.11121,0.98495,30.21943,buoyancy_imbalance
99.8,sim-0004,target_waypoint,24.85869,-0.31927,0.77803,0.05649,-0.7675,-0.43029,0.89967,15.46577,47.73086,0.8044,0.98263,2.62967,0.47511,31.8125,sensor_drift
22.7,sim-0001,target_waypoint,51.18273,1.08676,0.44696,-0.3096,0.23612,-6.81205,1.65037,20.2722,47.57662,0.28557,0.94884,0.04856,0.90439,24.76551,buoyancy_imbalance
85.1,sim-0004,target_waypoint,31.96338,-0.02307,0.24958,-0.02781,0.3235,-0.92983,12.97446,29.48984,49.05098,0.46735,0.3501,0.03952,0.94245,26.30837,thruster_degradation
80.0,sim-0004,target_waypoint,40.26245,0.19912,0.36323,0.05289,-0.8448,0.12472,1.72788,15.97837,47.20479,0.41679,1.01834,0.07453,0.94696,32.89508,nominal
94.4,sim-0004,target_waypoint,44.8053,-0.26868,0.50956,-0.0161,0.06218,0.56944,0.73123,26.36502,47.58077,0.6313,0.80118,0.04653,0.94602,29.34417,hydrodynamic_drag
84.8,sim-0004,target_waypoint,33.90745,-0.32766,0.44231,0.00355,-1.18199,-0.18538,-0.71287,19.41631,47.37328,0.70873,0.95252,1.83313,0.54129,34.01132,sensor_drift
71.0,sim-0003,target_waypoint,62.48337,0.06251,0.73766,-0.04012,-1.11511,1.5522,1.29618,22.38457,46.87471,0.40997,0.94749,0.02147,0.91087,30.94485,nominal
70.7,sim-0003,target_waypoint,13.30691,0.84,0.82333,-0.53992,1.59687,-14.56026,1.95123,18.9675,46.93615,0.64623,0.914,0.07135,0.91536,27.96815,buoyancy_imbalance
48.5,sim-0002,target_waypoint,4.53629,0.0111,0.51444,-0.04284,0.21274,-1.66893,3.17527,16.30204,47.4101,0.68415,0.96659,0.03216,0.94817,30.99408,nominal
87.3,sim-0004,station_keeping,47.2022,-0.63493,0.66147,0.01397,-1.43136,-0.0181,-0.06579,15.93402,46.90593,0.51535,0.93762,2.27447,0.17,27.88143,sensor_drift
37.2,sim-0001,station_keeping,27.81535,2.30984,0.56723,-0.63675,-0.56574,13.45097,-0.38936,19.65977,46.69421,0.27423,0.93371,0.08882,0.93444,31.11229,buoyancy_imbalance
29.4,sim-0001,station_keeping,54.81333,-0.17281,0.07348,-0.02535,-3.13545,-1.34269,2.47622,27.35713,47.99193,0.40393,0.89123,0.06464,0.92893,27.74695,hydrodynamic_drag
0.1,sim-0000,pipeline_tracking,45.5805,0.16495,0.47966,0.059,0.04999,-0.12759,-12.69449,26.25923,47.34386,0.54865,0.5817,0.04158,0.95506,31.74464,thruster_degradation
17.8,sim-0000,pipeline_tracking,48.28024,-0.40275,0.22406,0.05156,-0.7013,0.7934,0.97337,16.03073,47.39809,0.36342,0.98827,0.95928,0.5137,33.34165,sensor_drift
62.2,sim-0003,pipeline_tracking,72.62128,2.55227,0.83807,0.53665,-0.87988,14.72768,3.57357,20.86383,47.30582,0.6273,0.97287,0.05676,0.95606,27.9141,buoyancy_imbalance
61.7,sim-0003,target_waypoint,68.65573,1.95212,0.35916,0.26992,1.12237,-11.00791,-0.21258,19.44549,47.19203,0.47704,0.96867,0.01675,0.97199,31.04861,buoyancy_imbalance
53.4,sim-0002,station_keeping,71.59783,0.1619,0.33109,0.0441,-0.10222,-1.0268,-1.3418,30.35954,48.05417,0.43361,0.72652,0.02533,0.93865,25.48185,hydrodynamic_drag
91.5,sim-0004,station_keeping,68.6941,0.12303,0.51932,0.01855,-0.08396,-1.27257,2.27638,16.02283,47.10279,0.05,0.96691,0.01484,0.89636,32.00159,nominal
19.4,sim-0000,target_waypoint,19.1345,0.03735,0.43779,0.03342,-4.63357,-0.11672,-0.48264,25.26722,48.06775,0.52018,0.88071,0.12855,0.93856,31.19427,hydrodynamic_drag
96.6,sim-0004,station_keeping,56.10565,0.27538,0.54356,0.02332,0.12949,0.22932,11.669,22.00872,47.59368,0.73692,0.53401,0.02759,0.96164,31.93485,thruster_degradation
71.6,sim-0003,target_waypoint,73.94304,0.00998,0.41816,-0.02953,2.34701,1.48836,-15.1574,27.24582,47.91381,0.44866,0.36838,0.06971,0.90532,36.95925,thruster_degradation
23.2,sim-0001,pipeline_tracking,39.02084,1.07963,0.61651,-0.44821,0.26886,9.40159,-1.33434,20.36381,47.24424,0.27272,1.01812,0.1266,0.95747,31.04358,buoyancy_imbalance
45.3,sim-0002,station_keeping,53.17357,0.12822,0.84796,-0.01447,-0.83437,-2.36697,-2.94838,18.18853,47.43388,0.50645,0.92011,1.76485,0.28052,25.4707,sensor_drift
83.4,sim-0004,station_keeping,52.30988,-0.07688,0.36052,0.03818,-2.35951,0.67557,-0.73666,25.64384,46.73647,0.61014,0.7054,0.04215,0.93135,31.69498,hydrodynamic_drag
78.9,sim-0003,station_keeping,66.54145,-0.08779,0.12942,-0.02942,1.3948,2.94432,-1.12481,23.76867,48.00888,0.58162,0.63757,0.09373,0.90864,32.30686,hydrodynamic_drag
70.9,sim-0003,pipeline_tracking,46.46795,0.14711,0.43935,0.09101,-0.40259,0.63608,-2.08697,25.86038,47.27571,0.42207,0.68458,0.0362,0.95162,32.1015,hydrodynamic_drag
65.5,sim-0003,pipeline_tracking,49.06997,-0.16748,0.79453,0.00468,0.92882,2.08484,-1.52105,16.70538,47.81022,0.44162,0.9049,0.03801,0.97147,26.30865,nominal
15.4,sim-0000,pipeline_tracking,8.21685,0.00347,0.45676,-0.02102,8.01241,1.7267,2.35802,23.15272,48.11516,0.6325,0.90774,0.05112,0.95224,31.071,hydrodynamic_drag
17.3,sim-0000,target_waypoint,46.3794,0.26686,0.54886,-0.02014,-0.85331,0.98767,1.13261,15.5669,47.32162,0.49153,0.97103,0.85852,0.33429,28.57424,sensor_drift
15.1,sim-0000,pipeline_tracking,7.06537,0.03853,0.59253,0.02945,-1.68743,-0.07013,8.20553,29.44946,47.43816,0.42457,0.3926,0.03897,0.93408,33.54555,thruster_degradation
24.0,sim-0001,station_keeping,17.46857,0.18374,0.60902,-0.06664,0.45545,0.82333,0.1021,16.29531,47.2838,0.39757,0.95234,0.02544,0.93116,26.93259,nominal
93.1,sim-0004,pipeline_tracking,64.09857,0.02035,0.42476,0.04384,-1.32569,1.51927,5.06151,27.97093,46.71258,0.3742,0.49071,0.07863,0.95275,36.14227,thruster_degradation
21.8,sim-0001,target_waypoint,18.24881,0.4656,0.31498,0.06213,-2.23899,1.33383,-0.07947,16.26481,47.37278,0.53804,0.97654,2.05927,0.56239,30.23554,sensor_drift
69.9,sim-0003,station_keeping,75.56187,-0.18298,0.36065,-0.01445,-3.13819,0.66238,2.25194,26.32836,47.53983,0.44075,0.68954,0.08581,0.86353,31.70904,hydrodynamic_drag
67.5,sim-0003,station_keeping,78.13597,0.02929,0.57017,-0.00543,-0.60653,-0.75829,1.79524,13.07787,47.11071,0.84543,0.95036,0.07663,1.0,33.70067,nominal
88.0,sim-0004,pipeline_tracking,51.24393,0.06534,0.62,0.05331,-1.62759,-0.42943,3.35213,21.25092,47.95045,0.54066,1.00087,0.0695,0.91465,29.78559,nominal
91.4,sim-0004,target_waypoint,71.05591,-0.08439,0.4964,-0.09169,-1.43379,0.64079,2.10966,27.72544,48.29434,0.32695,0.78692,0.07219,0.97184,27.29084,hydrodynamic_drag
84.7,sim-0004,pipeline_tracking,61.42871,-1.70069,0.54049,-0.5515,-1.01624,-8.83001,0.15599,17.34423,47.41377,0.41463,1.01205,0.0941,0.95167,31.0992,buoyancy_imbalance
36.0,sim-0001,station_keeping,47.91092,0.07083,1.09813,-0.00247,-1.34516,1.36638,-0.94895,15.16539,46.93618,0.31454,0.98829,0.02025,0.90524,29.88399,nominal
63.0,sim-0003,station_keeping,55.34238,0.06375,0.78229,0.05504,-0.64413,0.71013,3.46487,17.66041,46.95455,0.58863,0.97855,0.07932,0.97209,26.77669,nominal
38.2,sim-0001,pipeline_tracking,11.64494,1.62702,0.69842,0.22457,1.81328,-13.86723,-0.47102,19.58081,46.9174,0.55962,0.89583,0.02539,0.89235,30.69805,buoyancy_imbalance
73.6,sim-0003,pipeline_tracking,6.28685,0.09643,0.34342,-0.03701,-1.40747,1.52487,15.77875,25.17256,47.28447,0.53525,0.53722,0.06045,0.98071,29.72182,thruster_degradation
13.0,sim-0000,pipeline_tracking,34.18391,-0.08229,0.91606,-0.07916,-2.33157,0.21267,-1.74047,17.2691,48.36197,0.26526,1.03088,0.0873,1.0,33.18437,nominal
35.2,sim-0001,pipeline_tracking,52.94195,-1.7255,1.15704,0.47052,-0.67588,7.47881,-0.97988,18.31583,47.13857,0.48679,0.97804,0.04696,0.93423,25.36608,buoyancy_imbalance
25.2,sim-0001,station_keeping,61.07854,-1.87108,0.83281,-0.28365,0.81836,-8.57513,1.53954,14.23362,48.11592,0.646,0.97039,0.11011,0.87872,32.72136,buoyancy_imbalance
80.2,sim-0004,pipeline_tracking,51.71546,-2.69642,0.4129,0.25551,-1.48669,-7.318,0.7289,13.7497,47.94313,0.4174,0.96668,0.02839,0.93623,30.57822,buoyancy_imbalance
49.6,sim-0002,pipeline_tracking,14.07135,-0.03448,0.37818,-0.01045,3.59535,-0.45366,-10.38623,31.2457,47.0792,0.3207,0.47387,0.04462,1.0,28.9434,thruster_degradation
87.6,sim-0004,station_keeping,23.88914,0.07378,0.31859,-0.09179,0.78811,1.8727,5.12005,20.71958,48.02713,0.7832,0.51548,0.10911,0.98558,37.39336,thruster_degradation
64.6,sim-0003,pipeline_tracking,20.877,0.07936,0.24449,0.03098,-0.73969,2.79199,-8.70442,30.7094,46.96816,0.50331,0.44635,0.10547,0.93238,29.41078,thruster_degradation
74.3,sim-0003,target_waypoint,8.37478,0.24284,0.4842,0.02565,-0.60787,-1.03105,-0.12004,18.29106,47.80889,0.39709,1.00559,2.2708,0.52687,28.11739,sensor_drift
58.9,sim-0002,pipeline_tracking,59.55565,-0.18602,0.35997,-0.05924,4.08702,-1.29535,0.14408,24.90057,46.8758,0.36433,0.83037,0.05886,0.96846,35.30361,hydrodynamic_drag
19.0,sim-0000,pipeline_tracking,40.4306,0.14818,0.65652,-0.01336,-2.9163,1.57102,-2.11108,17.5896,47.48158,0.70764,0.97147,0.06065,1.0,30.46882,nominal
66.0,sim-0003,station_keeping,57.50188,-0.0067,0.94854,0.02243,0.08759,-1.02108,1.06835,17.31226,47.51343,0.17554,0.95627,0.04369,0.93944,30.29271,nominal
61.5,sim-0003,station_keeping,53.15977,-0.05392,0.62618,-0.04231,1.20853,-0.42881,-3.04513,19.90275,48.37447,0.71022,1.00298,0.07771,0.96953,30.36135,nominal
2.7,sim-0000,station_keeping,33.86872,-1.73012,0.70034,0.4967,1.31374,9.46359,-1.32332,13.9147,47.54786,0.34368,1.00257,0.05121,0.94171,25.12205,buoyancy_imbalance
73.8,sim-0003,station_keeping,58.09719,-0.14128,0.6586,0.01333,0.42926,0.98289,2.70675,19.74275,47.7579,0.4441,0.98126,1.54516,0.51772,30.12833,sensor_drift
92.8,sim-0004,pipeline_tracking,50.02541,-0.61557,0.38253,0.06403,0.6586,-1.12525,0.26382,17.29494,47.03681,0.4357,0.93938,2.43993,0.42133,30.56042,sensor_drift
18.0,sim-0000,station_keeping,37.72001,0.0436,0.52326,-0.05615,0.86317,0.31439,1.27488,19.6207,46.76537,0.49677,0.8998,0.06818,0.89657,32.40192,nominal
40.0,sim-0002,pipeline_tracking,13.89543,0.01062,0.72081,-0.02027,-1.09184,-1.9431,-1.25799,20.02218,47.02284,0.1718,0.88097,0.0182,0.84984,30.64283,nominal
79.4,sim-0003,target_waypoint,29.85528,0.11731,0.37274,0.04346,-3.60998,0.86852,-1.01039,27.26728,47.70551,0.34619,0.81366,0.02368,0.97396,27.35776,hydrodynamic_drag
53.0,sim-0002,target_waypoint,22.67886,0.03953,0.33951,0.00844,-1.74644,-0.43827,4.61849,15.81543,46.98806,0.42255,0.96218,0.00443,0.95368,32.91169,nominal
15.7,sim-0000,pipeline_tracking,72.35322,-2.50899,0.87227,0.43998,-1.21214,-14.50794,1.80336,18.11973,47.52724,0.34418,0.96776,0.02008,0.97175,39.23374,buoyancy_imbalance
72.6,sim-0003,station_keeping,21.14223,-0.16415,0.23292,0.05259,-0.35799,1.18431,-11.46919,22.29972,47.49726,0.60873,0.46486,0.05414,0.98689,28.1115,thruster_degradation
35.9,sim-0001,target_waypoint,40.20887,0.08848,0.25981,0.07764,-6.31323,-0.82872,0.71058,21.87456,47.17637,0.45677,0.77392,0.07824,0.87499,32.47552,hydrodynamic_drag
35.4,sim-0001,station_keeping,27.84637,-0.06013,0.28153,0.03501,-2.09353,0.31377,1.08626,25.61242,47.34149,0.32335,0.77882,0.09152,0.92081,31.1137,hydrodynamic_drag
63.7,sim-0003,pipeline_tracking,59.53768,-1.52749,0.45727,0.63126,0.88702,-5.64857,-1.83286,16.00238,46.76656,0.60077,0.97025,0.0214,0.93548,21.93294,buoyancy_imbalance
38.7,sim-0001,station_keeping,56.55524,-1.63981,0.99687,0.30848,-0.131,10.15408,-1.56233,17.38975,46.92484,0.49268,0.92953,0.02395,0.90807,26.01966,buoyancy_imbalance
20.2,sim-0001,pipeline_tracking,52.37112,1.26952,0.39036,-0.59459,-0.1255,6.49263,0.08288,16.44485,46.98899,0.70127,0.99836,0.04355,0.87834,30.35712,buoyancy_imbalance
12.4,sim-0000,pipeline_tracking,46.71086,-0.11589,0.66242,0.02123,3.17938,2.81443,-2.85382,23.4238,47.383,0.34274,0.75403,0.05969,0.94454,36.68142,hydrodynamic_drag
20.3,sim-0001,target_waypoint,50.8034,0.37866,1.03378,-0.03889,0.82664,0.37387,-3.11516,19.77404,47.82412,0.71901,0.94032,2.70581,0.56074,26.81354,sensor_drift
3.5,sim-0000,target_waypoint,57.40501,-0.01197,0.7858,0.02137,0.53966,1.08669,1.69127,18.10772,47.18098,0.51377,1.00938,0.03475,0.83177,28.58218,nominal
93.0,sim-0004,station_keeping,48.15084,0.04318,0.78528,-0.03111,0.81581,1.39433,-2.62979,17.83364,46.8633,0.3293,0.98633,0.10873,0.96181,30.96115,nominal
16.8,sim-0000,station_keeping,54.36386,0.04126,0.5661,-0.0541,2.94,-0.14231,-2.13018,16.37025,47.05645,0.38998,1.02003,2.08089,0.3692,28.87074,sensor_drift
